[INFO] Scanning for projects...
[INFO] 
[INFO] ----------------------< com.smartgrocery:backend >----------------------
[INFO] Building SmartGrocery_BE 0.0.1-SNAPSHOT
[INFO]   from pom.xml
[INFO] --------------------------------[ jar ]---------------------------------
[INFO] 
[INFO] >>> spring-boot:3.3.4:run (default-cli) > test-compile @ backend >>>
[INFO] 
[INFO] --- jacoco:0.8.12:prepare-agent (default) @ backend ---
[INFO] argLine set to -javaagent:C:\\Users\\ACER\\.m2\\repository\\org\\jacoco\\org.jacoco.agent\\0.8.12\\org.jacoco.agent-0.8.12-runtime.jar=destfile=C:\\Users\\ACER\\Documents\\1\\SmartGrocery-BackEnd\\target\\jacoco.exec
[INFO] 
[INFO] --- resources:3.3.1:resources (default-resources) @ backend ---
[INFO] Copying 1 resource from src\main\resources to target\classes
[INFO] Copying 3 resources from src\main\resources to target\classes
[INFO] 
[INFO] --- compiler:3.13.0:compile (default-compile) @ backend ---
[INFO] Nothing to compile - all classes are up to date.
[INFO] 
[INFO] --- resources:3.3.1:testResources (default-testResources) @ backend ---
[INFO] skip non existing resourceDirectory C:\Users\ACER\Documents\1\SmartGrocery-BackEnd\src\test\resources
[INFO] 
[INFO] --- compiler:3.13.0:testCompile (default-testCompile) @ backend ---
[INFO] Nothing to compile - all classes are up to date.
[INFO] 
[INFO] <<< spring-boot:3.3.4:run (default-cli) < test-compile @ backend <<<
[INFO] 
[INFO] 
[INFO] --- spring-boot:3.3.4:run (default-cli) @ backend ---
[INFO] Attaching agents: []

  .   ____          _            __ _ _
 /\\ / ___'_ __ _ _(_)_ __  __ _ \ \ \ \
( ( )\___ | '_ | '_| | '_ \/ _` | \ \ \ \
 \\/  ___)| |_)| | | | | || (_| |  ) ) ) )
  '  |____| .__|_| |_|_| |_\__, | / / / /
 =========|_|==============|___/=/_/_/_/

 :: Spring Boot ::                (v3.3.4)

2026-05-15T07:40:26.322+07:00  INFO 27320 --- [           main] c.s.backend.SmartGroceryApplication      : Starting SmartGroceryApplication using Java 23.0.2 with PID 27320 (C:\Users\ACER\Documents\1\SmartGrocery-BackEnd\target\classes started by ACER in C:\Users\ACER\Documents\1\SmartGrocery-BackEnd)
2026-05-15T07:40:26.325+07:00  INFO 27320 --- [           main] c.s.backend.SmartGroceryApplication      : No active profile set, falling back to 1 default profile: "default"
2026-05-15T07:40:26.325+07:00 DEBUG 27320 --- [           main] o.s.boot.SpringApplication               : Loading source class com.smartgrocery.backend.SmartGroceryApplication
2026-05-15T07:40:26.382+07:00 DEBUG 27320 --- [           main] ConfigServletWebServerApplicationContext : Refreshing org.springframework.boot.web.servlet.context.AnnotationConfigServletWebServerApplicationContext@6c4980d3
2026-05-15T07:40:27.070+07:00 DEBUG 27320 --- [           main] ySourcesPropertyResolver$DefaultResolver : Found key 'SUPABASE_DB_URL' in PropertySource 'env' with value of type String
2026-05-15T07:40:27.181+07:00  INFO 27320 --- [           main] .s.d.r.c.RepositoryConfigurationDelegate : Multiple Spring Data modules found, entering strict repository configuration mode
2026-05-15T07:40:27.181+07:00  INFO 27320 --- [           main] .s.d.r.c.RepositoryConfigurationDelegate : Bootstrapping Spring Data JPA repositories in DEFAULT mode.
2026-05-15T07:40:27.398+07:00  INFO 27320 --- [           main] .s.d.r.c.RepositoryConfigurationDelegate : Finished Spring Data repository scanning in 209 ms. Found 60 JPA repository interfaces.
2026-05-15T07:40:27.401+07:00  INFO 27320 --- [           main] .s.d.r.c.RepositoryConfigurationDelegate : Multiple Spring Data modules found, entering strict repository configuration mode
2026-05-15T07:40:27.402+07:00  INFO 27320 --- [           main] .s.d.r.c.RepositoryConfigurationDelegate : Bootstrapping Spring Data Neo4j repositories in DEFAULT mode.
2026-05-15T07:40:27.411+07:00  INFO 27320 --- [           main] .s.d.r.c.RepositoryConfigurationDelegate : Finished Spring Data repository scanning in 8 ms. Found 4 Neo4j repository interfaces.
2026-05-15T07:40:27.412+07:00  INFO 27320 --- [           main] .s.d.r.c.RepositoryConfigurationDelegate : Multiple Spring Data modules found, entering strict repository configuration mode
2026-05-15T07:40:27.413+07:00  INFO 27320 --- [           main] .s.d.r.c.RepositoryConfigurationDelegate : Bootstrapping Spring Data Redis repositories in DEFAULT mode.
2026-05-15T07:40:27.425+07:00  INFO 27320 --- [           main] .s.d.r.c.RepositoryConfigurationDelegate : Finished Spring Data repository scanning in 0 ms. Found 0 Redis repository interfaces.
2026-05-15T07:40:28.933+07:00 DEBUG 27320 --- [           main] .s.b.w.e.t.TomcatServletWebServerFactory : Code archive: C:\Users\ACER\.m2\repository\org\springframework\boot\spring-boot\3.3.4\spring-boot-3.3.4.jar
2026-05-15T07:40:28.934+07:00 DEBUG 27320 --- [           main] .s.b.w.e.t.TomcatServletWebServerFactory : Code archive: C:\Users\ACER\.m2\repository\org\springframework\boot\spring-boot\3.3.4\spring-boot-3.3.4.jar
2026-05-15T07:40:28.935+07:00 DEBUG 27320 --- [           main] .s.b.w.e.t.TomcatServletWebServerFactory : None of the document roots [src/main/webapp, public, static] point to a directory and will be ignored.
2026-05-15T07:40:28.974+07:00  INFO 27320 --- [           main] o.s.b.w.embedded.tomcat.TomcatWebServer  : Tomcat initialized with port 8080 (http)
2026-05-15T07:40:28.989+07:00  INFO 27320 --- [           main] o.apache.catalina.core.StandardService   : Starting service [Tomcat]
2026-05-15T07:40:28.990+07:00  INFO 27320 --- [           main] o.apache.catalina.core.StandardEngine    : Starting Servlet engine: [Apache Tomcat/10.1.30]
2026-05-15T07:40:29.051+07:00  INFO 27320 --- [           main] o.a.c.c.C.[Tomcat].[localhost].[/]       : Initializing Spring embedded WebApplicationContext
2026-05-15T07:40:29.051+07:00 DEBUG 27320 --- [           main] w.s.c.ServletWebServerApplicationContext : Published root WebApplicationContext as ServletContext attribute with name [org.springframework.web.context.WebApplicationContext.ROOT]
2026-05-15T07:40:29.051+07:00  INFO 27320 --- [           main] w.s.c.ServletWebServerApplicationContext : Root WebApplicationContext: initialization completed in 2669 ms
2026-05-15T07:40:29.086+07:00 DEBUG 27320 --- [           main] ySourcesPropertyResolver$DefaultResolver : Found key 'JWT_SECRET_KEY' in PropertySource 'env' with value of type String
2026-05-15T07:40:29.088+07:00 DEBUG 27320 --- [           main] ySourcesPropertyResolver$DefaultResolver : Found key 'JWT_EXPIRATION' in PropertySource 'env' with value of type String
2026-05-15T07:40:29.089+07:00 DEBUG 27320 --- [           main] ySourcesPropertyResolver$DefaultResolver : Found key 'JWT_REFRESH_EXPIRATION' in PropertySource 'env' with value of type String
2026-05-15T07:40:29.169+07:00 DEBUG 27320 --- [           main] ySourcesPropertyResolver$DefaultResolver : Found key 'SUPABASE_DB_PASSWORD' in PropertySource 'env' with value of type String
2026-05-15T07:40:29.169+07:00 DEBUG 27320 --- [           main] ySourcesPropertyResolver$DefaultResolver : Found key 'SUPABASE_DB_URL' in PropertySource 'env' with value of type String
2026-05-15T07:40:29.169+07:00 DEBUG 27320 --- [           main] ySourcesPropertyResolver$DefaultResolver : Found key 'SUPABASE_DB_USERNAME' in PropertySource 'env' with value of type String
2026-05-15T07:40:29.322+07:00  INFO 27320 --- [           main] com.zaxxer.hikari.HikariDataSource       : HikariPool-1 - Starting...
2026-05-15T07:40:30.666+07:00  INFO 27320 --- [           main] com.zaxxer.hikari.pool.HikariPool        : HikariPool-1 - Added connection org.postgresql.jdbc.PgConnection@78d61f17
2026-05-15T07:40:30.667+07:00  INFO 27320 --- [           main] com.zaxxer.hikari.HikariDataSource       : HikariPool-1 - Start completed.
2026-05-15T07:40:30.913+07:00  INFO 27320 --- [           main] org.flywaydb.core.FlywayExecutor         : Database: jdbc:postgresql://aws-1-ap-northeast-1.pooler.supabase.com:6543/postgres (PostgreSQL 17.6)
2026-05-15T07:40:31.713+07:00  WARN 27320 --- [           main] o.f.c.internal.database.base.Database    : Flyway upgrade recommended: PostgreSQL 17.6 is newer than this version of Flyway and support has not been tested. The latest supported version of PostgreSQL is 16.
2026-05-15T07:40:32.324+07:00  INFO 27320 --- [           main] o.f.core.internal.command.DbValidate     : Successfully validated 3 migrations (execution time 00:00.490s)
2026-05-15T07:40:33.679+07:00  INFO 27320 --- [           main] o.f.core.internal.command.DbMigrate      : Current version of schema "public": 3
2026-05-15T07:40:33.793+07:00  INFO 27320 --- [           main] o.f.core.internal.command.DbMigrate      : Schema "public" is up to date. No migration necessary.
2026-05-15T07:40:34.532+07:00 DEBUG 27320 --- [           main] o.s.b.a.AutoConfigurationPackages        : @EnableAutoConfiguration was declared on a class in the package 'com.smartgrocery.backend'. Automatic @Repository and @Entity scanning is enabled.
2026-05-15T07:40:34.582+07:00  INFO 27320 --- [           main] o.hibernate.jpa.internal.util.LogHelper  : HHH000204: Processing PersistenceUnitInfo [name: default]
2026-05-15T07:40:34.660+07:00  INFO 27320 --- [           main] org.hibernate.Version                    : HHH000412: Hibernate ORM core version 6.5.3.Final
2026-05-15T07:40:34.696+07:00  INFO 27320 --- [           main] o.h.c.internal.RegionFactoryInitiator    : HHH000026: Second-level cache disabled
2026-05-15T07:40:34.960+07:00  INFO 27320 --- [           main] o.s.o.j.p.SpringPersistenceUnitInfo      : No LoadTimeWeaver setup: ignoring JPA class transformer
2026-05-15T07:40:34.992+07:00  WARN 27320 --- [           main] org.hibernate.orm.deprecation            : HHH90000025: PostgreSQLDialect does not need to be specified explicitly using 'hibernate.dialect' (remove the property setting and it will be selected by default)
2026-05-15T07:40:36.522+07:00  INFO 27320 --- [           main] o.h.e.t.j.p.i.JtaPlatformInitiator       : HHH000489: No JTA platform available (set 'hibernate.transaction.jta.platform' to enable JTA platform integration)
2026-05-15T07:40:49.341+07:00  INFO 27320 --- [           main] j.LocalContainerEntityManagerFactoryBean : Initialized JPA EntityManagerFactory for persistence unit 'default'
2026-05-15T07:40:49.658+07:00  INFO 27320 --- [           main] o.s.d.j.r.query.QueryEnhancerFactory     : Hibernate is in classpath; If applicable, HQL parser will be used.
2026-05-15T07:40:50.166+07:00 DEBUG 27320 --- [           main] o.s.b.w.s.ServletContextInitializerBeans : Mapping filters: springSecurityFilterChain urls=[/*] order=-100, characterEncodingFilter urls=[/*] order=-2147483648, formContentFilter urls=[/*] order=-9900, requestContextFilter urls=[/*] order=-105, aiRateLimitFilter urls=[/*] order=2147483647, jwtAuthenticationFilter urls=[/*] order=2147483647
2026-05-15T07:40:50.166+07:00 DEBUG 27320 --- [           main] o.s.b.w.s.ServletContextInitializerBeans : Mapping servlets: dispatcherServlet urls=[/]
2026-05-15T07:40:50.188+07:00 DEBUG 27320 --- [           main] o.s.b.w.s.f.OrderedRequestContextFilter  : Filter 'requestContextFilter' configured for use
2026-05-15T07:40:50.190+07:00 DEBUG 27320 --- [           main] s.b.w.s.f.OrderedCharacterEncodingFilter : Filter 'characterEncodingFilter' configured for use
2026-05-15T07:40:50.190+07:00 DEBUG 27320 --- [           main] .DelegatingFilterProxyRegistrationBean$1 : Filter 'springSecurityFilterChain' configured for use
2026-05-15T07:40:50.190+07:00 DEBUG 27320 --- [           main] o.s.b.w.s.f.OrderedFormContentFilter     : Filter 'formContentFilter' configured for use
2026-05-15T07:40:50.313+07:00  WARN 27320 --- [           main] c.s.backend.config.FirebaseConfig        : Firebase credentials NOT found in environment! Notification and Auth features might fail.
2026-05-15T07:40:50.581+07:00  INFO 27320 --- [           main] o.neo4j.driver.internal.DriverFactory    : Direct driver instance 1828636269 created for server address localhost:7687
2026-05-15T07:40:51.049+07:00 DEBUG 27320 --- [           main] ySourcesPropertyResolver$DefaultResolver : Found key 'OPENROUTER_API_KEYS' in PropertySource 'env' with value of type String
2026-05-15T07:40:51.049+07:00 DEBUG 27320 --- [           main] ySourcesPropertyResolver$DefaultResolver : Found key 'OPENROUTER_MODEL' in PropertySource 'env' with value of type String
2026-05-15T07:40:51.049+07:00 DEBUG 27320 --- [           main] ySourcesPropertyResolver$DefaultResolver : Found key 'OPENROUTER_PASS1_MODEL' in PropertySource 'env' with value of type String
2026-05-15T07:40:51.660+07:00 DEBUG 27320 --- [           main] ySourcesPropertyResolver$DefaultResolver : Found key 'SUPABASE_URL' in PropertySource 'env' with value of type String
2026-05-15T07:40:51.661+07:00 DEBUG 27320 --- [           main] ySourcesPropertyResolver$DefaultResolver : Found key 'SUPABASE_SERVICE_ROLE_KEY' in PropertySource 'env' with value of type String
2026-05-15T07:40:53.226+07:00  INFO 27320 --- [           main] c.s.b.s.r.FoodDictionaryService          : Bắt đầu khởi tạo Food Dictionary từ Neo4j...
2026-05-15T07:40:53.758+07:00  INFO 27320 --- [           main] c.s.b.s.r.FoodDictionaryService          : Load thành công 898 từ khóa (Pass 1) và 686 từ khóa (Pass 2) vào Food Dictionary.
2026-05-15T07:40:54.265+07:00  INFO 27320 --- [           main] r$InitializeUserDetailsManagerConfigurer : Global AuthenticationManager configured with UserDetailsService bean with name customUserDetailsService
2026-05-15T07:40:54.481+07:00 DEBUG 27320 --- [           main] s.w.s.m.m.a.RequestMappingHandlerMapping : 130 mappings in 'requestMappingHandlerMapping'
2026-05-15T07:40:54.549+07:00 DEBUG 27320 --- [           main] o.s.w.s.handler.SimpleUrlHandlerMapping  : Patterns [/webjars/**, /**, /uploads/products/**, /uploads/staff/**, /swagger-ui*/*swagger-initializer.js, /swagger-ui*/**] in 'resourceHandlerMapping'
2026-05-15T07:40:54.769+07:00 DEBUG 27320 --- [           main] s.w.s.m.m.a.RequestMappingHandlerAdapter : ControllerAdvice beans: 0 @ModelAttribute, 0 @InitBinder, 1 RequestBodyAdvice, 2 ResponseBodyAdvice
2026-05-15T07:40:54.820+07:00 DEBUG 27320 --- [           main] .m.m.a.ExceptionHandlerExceptionResolver : ControllerAdvice beans: 2 @ExceptionHandler, 2 ResponseBodyAdvice
2026-05-15T07:40:55.475+07:00  INFO 27320 --- [           main] o.s.b.w.embedded.tomcat.TomcatWebServer  : Tomcat started on port 8080 (http) with context path '/'
2026-05-15T07:40:55.485+07:00 DEBUG 27320 --- [           main] .s.b.a.l.ConditionEvaluationReportLogger : 


============================
CONDITIONS EVALUATION REPORT
============================


Positive matches:
-----------------

   AbstractBulkheadConfigurationOnMissingBean#bulkheadAspect matched:
      - @ConditionalOnMissingBean (types: io.github.resilience4j.spring6.bulkhead.configure.BulkheadAspect; SearchStrategy: all) did not find any beans (OnBeanCondition)

   AbstractBulkheadConfigurationOnMissingBean#bulkheadRegistry matched:
      - @ConditionalOnMissingBean (types: io.github.resilience4j.bulkhead.BulkheadRegistry; SearchStrategy: all) did not find any beans (OnBeanCondition)

   AbstractBulkheadConfigurationOnMissingBean#compositeBulkheadCustomizer matched:
      - @ConditionalOnMissingBean (names: compositeBulkheadCustomizer; SearchStrategy: all) did not find any beans (OnBeanCondition)

   AbstractBulkheadConfigurationOnMissingBean#compositeThreadPoolBulkheadCustomizer matched:
      - @ConditionalOnMissingBean (names: compositeThreadPoolBulkheadCustomizer; SearchStrategy: all) did not find any beans (OnBeanCondition)

   AbstractBulkheadConfigurationOnMissingBean#threadPoolBulkheadRegistry matched:
      - @ConditionalOnMissingBean (types: io.github.resilience4j.bulkhead.ThreadPoolBulkheadRegistry; SearchStrategy: all) did not find any beans (OnBeanCondition)

   AbstractCircuitBreakerConfigurationOnMissingBean#circuitBreakerAspect matched:
      - @ConditionalOnMissingBean (types: io.github.resilience4j.spring6.circuitbreaker.configure.CircuitBreakerAspect; SearchStrategy: all) did not find any beans (OnBeanCondition)

   AbstractCircuitBreakerConfigurationOnMissingBean#circuitBreakerRegistry matched:
      - @ConditionalOnMissingBean (types: io.github.resilience4j.circuitbreaker.CircuitBreakerRegistry; SearchStrategy: all) did not find any beans (OnBeanCondition)

   AbstractCircuitBreakerConfigurationOnMissingBean#compositeCircuitBreakerCustomizer matched:
      - @ConditionalOnMissingBean (names: compositeCircuitBreakerCustomizer; SearchStrategy: all) did not find any beans (OnBeanCondition)

   AbstractRateLimiterConfigurationOnMissingBean#compositeRateLimiterCustomizer matched:
      - @ConditionalOnMissingBean (names: compositeRateLimiterCustomizer; SearchStrategy: all) did not find any beans (OnBeanCondition)

   AbstractRateLimiterConfigurationOnMissingBean#rateLimiterAspect matched:
      - @ConditionalOnMissingBean (types: io.github.resilience4j.spring6.ratelimiter.configure.RateLimiterAspect; SearchStrategy: all) did not find any beans (OnBeanCondition)

   AbstractRateLimiterConfigurationOnMissingBean#rateLimiterRegistry matched:
      - @ConditionalOnMissingBean (types: io.github.resilience4j.ratelimiter.RateLimiterRegistry; SearchStrategy: all) did not find any beans (OnBeanCondition)

   AbstractRetryConfigurationOnMissingBean#compositeRetryCustomizer matched:
      - @ConditionalOnMissingBean (names: compositeRetryCustomizer; SearchStrategy: all) did not find any beans (OnBeanCondition)

   AbstractRetryConfigurationOnMissingBean#retryAspect matched:
      - @ConditionalOnMissingBean (types: io.github.resilience4j.spring6.retry.configure.RetryAspect; SearchStrategy: all) did not find any beans (OnBeanCondition)

   AbstractRetryConfigurationOnMissingBean#retryRegistry matched:
      - @ConditionalOnMissingBean (types: io.github.resilience4j.retry.RetryRegistry; SearchStrategy: all) did not find any beans (OnBeanCondition)

   AbstractTimeLimiterConfigurationOnMissingBean#compositeTimeLimiterCustomizer matched:
      - @ConditionalOnMissingBean (names: compositeTimeLimiterCustomizer; SearchStrategy: all) did not find any beans (OnBeanCondition)

   AbstractTimeLimiterConfigurationOnMissingBean#timeLimiterAspect matched:
      - @ConditionalOnMissingBean (types: io.github.resilience4j.spring6.timelimiter.configure.TimeLimiterAspect; SearchStrategy: all) did not find any beans (OnBeanCondition)

   AbstractTimeLimiterConfigurationOnMissingBean#timeLimiterRegistry matched:
      - @ConditionalOnMissingBean (types: io.github.resilience4j.timelimiter.TimeLimiterRegistry; SearchStrategy: all) did not find any beans (OnBeanCondition)

   AbstractTimerConfigurationOnMissingBean#compositeTimerCustomizer matched:
      - @ConditionalOnMissingBean (names: compositeTimerCustomizer; SearchStrategy: all) did not find any beans (OnBeanCondition)

   AbstractTimerConfigurationOnMissingBean#timerAspect matched:
      - @ConditionalOnMissingBean (types: io.github.resilience4j.spring6.micrometer.configure.TimerAspect; SearchStrategy: all) did not find any beans (OnBeanCondition)

   AbstractTimerConfigurationOnMissingBean#timerRegistry matched:
      - @ConditionalOnMissingBean (types: io.github.resilience4j.micrometer.TimerRegistry; SearchStrategy: all) did not find any beans (OnBeanCondition)

   AopAutoConfiguration matched:
      - @ConditionalOnProperty (spring.aop.auto=true) matched (OnPropertyCondition)

   AopAutoConfiguration.AspectJAutoProxyingConfiguration matched:
      - @ConditionalOnClass found required class 'org.aspectj.weaver.Advice' (OnClassCondition)

   AopAutoConfiguration.AspectJAutoProxyingConfiguration.CglibAutoProxyConfiguration matched:
      - @ConditionalOnProperty (spring.aop.proxy-target-class=true) matched (OnPropertyCondition)

   ApplicationAvailabilityAutoConfiguration#applicationAvailability matched:
      - @ConditionalOnMissingBean (types: org.springframework.boot.availability.ApplicationAvailability; SearchStrategy: all) did not find any beans (OnBeanCondition)

   BulkheadAutoConfiguration matched:
      - @ConditionalOnClass found required class 'io.github.resilience4j.bulkhead.Bulkhead' (OnClassCondition)

   BulkheadConfigurationOnMissingBean#bulkheadEventConsumerRegistry matched:
      - @ConditionalOnMissingBean (types: io.github.resilience4j.bulkhead.event.BulkheadEvent; SearchStrategy: all) did not find any beans (OnBeanCondition)

   BulkheadMetricsAutoConfiguration matched:
      - @ConditionalOnClass found required classes 'io.micrometer.core.instrument.MeterRegistry', 'io.github.resilience4j.bulkhead.Bulkhead', 'io.github.resilience4j.micrometer.tagged.TaggedBulkheadMetricsPublisher' (OnClassCondition)
      - @ConditionalOnProperty (resilience4j.bulkhead.metrics.enabled) matched (OnPropertyCondition)

   CircuitBreakerAutoConfiguration matched:
      - @ConditionalOnClass found required class 'io.github.resilience4j.circuitbreaker.CircuitBreaker' (OnClassCondition)

   CircuitBreakerConfigurationOnMissingBean#eventConsumerRegistry matched:
      - @ConditionalOnMissingBean (types: io.github.resilience4j.circuitbreaker.event.CircuitBreakerEvent; SearchStrategy: all) did not find any beans (OnBeanCondition)

   CircuitBreakerMetricsAutoConfiguration matched:
      - @ConditionalOnClass found required classes 'io.micrometer.core.instrument.MeterRegistry', 'io.github.resilience4j.circuitbreaker.CircuitBreaker', 'io.github.resilience4j.micrometer.tagged.TaggedCircuitBreakerMetricsPublisher' (OnClassCondition)
      - @ConditionalOnProperty (resilience4j.circuitbreaker.metrics.enabled) matched (OnPropertyCondition)

   ClientHttpConnectorAutoConfiguration matched:
      - @ConditionalOnClass found required class 'org.springframework.web.reactive.function.client.WebClient' (OnClassCondition)

   ClientHttpConnectorAutoConfiguration#webClientHttpConnector matched:
      - @ConditionalOnMissingBean (types: org.springframework.http.client.reactive.ClientHttpConnector; SearchStrategy: all) did not find any beans (OnBeanCondition)

   ClientHttpConnectorAutoConfiguration#webClientHttpConnectorCustomizer matched:
      - @ConditionalOnBean (types: org.springframework.http.client.reactive.ClientHttpConnector; SearchStrategy: all) found bean 'webClientHttpConnector' (OnBeanCondition)

   ClientHttpConnectorFactoryConfiguration.ReactorNetty matched:
      - @ConditionalOnClass found required class 'reactor.netty.http.client.HttpClient' (OnClassCondition)
      - @ConditionalOnMissingBean (types: org.springframework.boot.autoconfigure.web.reactive.function.client.ClientHttpConnectorFactory; SearchStrategy: all) did not find any beans (OnBeanCondition)

   CodecsAutoConfiguration matched:
      - @ConditionalOnClass found required classes 'org.springframework.http.codec.CodecConfigurer', 'org.springframework.web.reactive.function.client.WebClient' (OnClassCondition)

   CodecsAutoConfiguration.JacksonCodecConfiguration matched:
      - @ConditionalOnClass found required class 'com.fasterxml.jackson.databind.ObjectMapper' (OnClassCondition)

   CodecsAutoConfiguration.JacksonCodecConfiguration#jacksonCodecCustomizer matched:
      - @ConditionalOnBean (types: com.fasterxml.jackson.databind.ObjectMapper; SearchStrategy: all) found bean 'jacksonObjectMapper' (OnBeanCondition)

   DataSeeder#initDatabase matched:
      - @ConditionalOnProperty (app.seeding.enabled=true) matched (OnPropertyCondition)

   DataSourceAutoConfiguration matched:
      - @ConditionalOnClass found required classes 'javax.sql.DataSource', 'org.springframework.jdbc.datasource.embedded.EmbeddedDatabaseType' (OnClassCondition)
      - @ConditionalOnMissingBean (types: io.r2dbc.spi.ConnectionFactory; SearchStrategy: all) did not find any beans (OnBeanCondition)

   DataSourceAutoConfiguration.PooledDataSourceConfiguration matched:
      - AnyNestedCondition 1 matched 1 did not; NestedCondition on DataSourceAutoConfiguration.PooledDataSourceCondition.PooledDataSourceAvailable PooledDataSource found supported DataSource; NestedCondition on DataSourceAutoConfiguration.PooledDataSourceCondition.ExplicitType @ConditionalOnProperty (spring.datasource.type) did not find property 'type' (DataSourceAutoConfiguration.PooledDataSourceCondition)
      - @ConditionalOnMissingBean (types: javax.sql.DataSource,javax.sql.XADataSource; SearchStrategy: all) did not find any beans (OnBeanCondition)

   DataSourceAutoConfiguration.PooledDataSourceConfiguration#jdbcConnectionDetails matched:
      - @ConditionalOnMissingBean (types: org.springframework.boot.autoconfigure.jdbc.JdbcConnectionDetails; SearchStrategy: all) did not find any beans (OnBeanCondition)

   DataSourceConfiguration.Hikari matched:
      - @ConditionalOnClass found required class 'com.zaxxer.hikari.HikariDataSource' (OnClassCondition)
      - @ConditionalOnProperty (spring.datasource.type=com.zaxxer.hikari.HikariDataSource) matched (OnPropertyCondition)
      - @ConditionalOnMissingBean (types: javax.sql.DataSource; SearchStrategy: all) did not find any beans (OnBeanCondition)

   DataSourceInitializationConfiguration matched:
      - @ConditionalOnClass found required class 'org.springframework.jdbc.datasource.init.DatabasePopulator' (OnClassCondition)
      - @ConditionalOnSingleCandidate (types: javax.sql.DataSource; SearchStrategy: all) found a single bean 'dataSource'; @ConditionalOnMissingBean (types: org.springframework.boot.autoconfigure.sql.init.SqlDataSourceScriptDatabaseInitializer,org.springframework.boot.autoconfigure.sql.init.SqlR2dbcScriptDatabaseInitializer; SearchStrategy: all) did not find any beans (OnBeanCondition)

   DataSourceJmxConfiguration matched:
      - @ConditionalOnProperty (spring.jmx.enabled=true) matched (OnPropertyCondition)

   DataSourceJmxConfiguration.Hikari matched:
      - @ConditionalOnClass found required class 'com.zaxxer.hikari.HikariDataSource' (OnClassCondition)
      - @ConditionalOnSingleCandidate (types: javax.sql.DataSource; SearchStrategy: all) found a single bean 'dataSource' (OnBeanCondition)

   DataSourcePoolMetadataProvidersConfiguration.HikariPoolDataSourceMetadataProviderConfiguration matched:
      - @ConditionalOnClass found required class 'com.zaxxer.hikari.HikariDataSource' (OnClassCondition)

   DataSourceTransactionManagerAutoConfiguration matched:
      - @ConditionalOnClass found required classes 'javax.sql.DataSource', 'org.springframework.jdbc.core.JdbcTemplate', 'org.springframework.transaction.TransactionManager' (OnClassCondition)

   DataSourceTransactionManagerAutoConfiguration.JdbcTransactionManagerConfiguration matched:
      - @ConditionalOnSingleCandidate (types: javax.sql.DataSource; SearchStrategy: all) found a single bean 'dataSource' (OnBeanCondition)

   DispatcherServletAutoConfiguration matched:
      - @ConditionalOnClass found required class 'org.springframework.web.servlet.DispatcherServlet' (OnClassCondition)
      - found 'session' scope (OnWebApplicationCondition)

   DispatcherServletAutoConfiguration.DispatcherServletConfiguration matched:
      - @ConditionalOnClass found required class 'jakarta.servlet.ServletRegistration' (OnClassCondition)
      - Default DispatcherServlet did not find dispatcher servlet beans (DispatcherServletAutoConfiguration.DefaultDispatcherServletCondition)

   DispatcherServletAutoConfiguration.DispatcherServletRegistrationConfiguration matched:
      - @ConditionalOnClass found required class 'jakarta.servlet.ServletRegistration' (OnClassCondition)
      - DispatcherServlet Registration did not find servlet registration bean (DispatcherServletAutoConfiguration.DispatcherServletRegistrationCondition)

   DispatcherServletAutoConfiguration.DispatcherServletRegistrationConfiguration#dispatcherServletRegistration matched:
      - @ConditionalOnBean (names: dispatcherServlet types: org.springframework.web.servlet.DispatcherServlet; SearchStrategy: all) found bean 'dispatcherServlet' (OnBeanCondition)

   EmbeddedWebServerFactoryCustomizerAutoConfiguration matched:
      - @ConditionalOnWebApplication (required) found 'session' scope (OnWebApplicationCondition)
      - @ConditionalOnWarDeployment the application is not deployed as a WAR file. (OnWarDeploymentCondition)

   EmbeddedWebServerFactoryCustomizerAutoConfiguration.NettyWebServerFactoryCustomizerConfiguration matched:
      - @ConditionalOnClass found required class 'reactor.netty.http.server.HttpServer' (OnClassCondition)

   EmbeddedWebServerFactoryCustomizerAutoConfiguration.TomcatWebServerFactoryCustomizerConfiguration matched:
      - @ConditionalOnClass found required classes 'org.apache.catalina.startup.Tomcat', 'org.apache.coyote.UpgradeProtocol' (OnClassCondition)

   ErrorMvcAutoConfiguration matched:
      - @ConditionalOnClass found required classes 'jakarta.servlet.Servlet', 'org.springframework.web.servlet.DispatcherServlet' (OnClassCondition)
      - found 'session' scope (OnWebApplicationCondition)

   ErrorMvcAutoConfiguration#basicErrorController matched:
      - @ConditionalOnMissingBean (types: org.springframework.boot.web.servlet.error.ErrorController; SearchStrategy: current) did not find any beans (OnBeanCondition)

   ErrorMvcAutoConfiguration#errorAttributes matched:
      - @ConditionalOnMissingBean (types: org.springframework.boot.web.servlet.error.ErrorAttributes; SearchStrategy: current) did not find any beans (OnBeanCondition)

   ErrorMvcAutoConfiguration.DefaultErrorViewResolverConfiguration#conventionErrorViewResolver matched:
      - @ConditionalOnBean (types: org.springframework.web.servlet.DispatcherServlet; SearchStrategy: all) found bean 'dispatcherServlet'; @ConditionalOnMissingBean (types: org.springframework.boot.autoconfigure.web.servlet.error.ErrorViewResolver; SearchStrategy: all) did not find any beans (OnBeanCondition)

   ErrorMvcAutoConfiguration.WhitelabelErrorViewConfiguration matched:
      - @ConditionalOnProperty (server.error.whitelabel.enabled) matched (OnPropertyCondition)
      - ErrorTemplate Missing did not find error template view (ErrorMvcAutoConfiguration.ErrorTemplateMissingCondition)

   ErrorMvcAutoConfiguration.WhitelabelErrorViewConfiguration#beanNameViewResolver matched:
      - @ConditionalOnMissingBean (types: org.springframework.web.servlet.view.BeanNameViewResolver; SearchStrategy: all) did not find any beans (OnBeanCondition)

   ErrorMvcAutoConfiguration.WhitelabelErrorViewConfiguration#defaultErrorView matched:
      - @ConditionalOnMissingBean (names: error; SearchStrategy: all) did not find any beans (OnBeanCondition)

   FallbackConfigurationOnMissingBean#completionStageFallbackDecorator matched:
      - @ConditionalOnMissingBean (types: io.github.resilience4j.spring6.fallback.CompletionStageFallbackDecorator; SearchStrategy: all) did not find any beans (OnBeanCondition)

   FallbackConfigurationOnMissingBean#fallbackDecorators matched:
      - @ConditionalOnMissingBean (types: io.github.resilience4j.spring6.fallback.FallbackDecorators; SearchStrategy: all) did not find any beans (OnBeanCondition)

   FallbackConfigurationOnMissingBean#fallbackExecutor matched:
      - @ConditionalOnMissingBean (types: io.github.resilience4j.spring6.fallback.FallbackExecutor; SearchStrategy: all) did not find any beans (OnBeanCondition)

   FlywayAutoConfiguration matched:
      - @ConditionalOnClass found required class 'org.flywaydb.core.Flyway' (OnClassCondition)
      - @ConditionalOnProperty (spring.flyway.enabled) matched (OnPropertyCondition)
      - AnyNestedCondition 2 matched 1 did not; NestedCondition on FlywayAutoConfiguration.FlywayDataSourceCondition.FlywayUrlCondition @ConditionalOnProperty (spring.flyway.url) did not find property 'url'; NestedCondition on FlywayAutoConfiguration.FlywayDataSourceCondition.JdbcConnectionDetailsCondition @ConditionalOnBean (types: org.springframework.boot.autoconfigure.jdbc.JdbcConnectionDetails; SearchStrategy: all) found bean 'jdbcConnectionDetails'; NestedCondition on FlywayAutoConfiguration.FlywayDataSourceCondition.DataSourceBeanCondition @ConditionalOnBean (types: javax.sql.DataSource; SearchStrategy: all) found bean 'dataSource' (FlywayAutoConfiguration.FlywayDataSourceCondition)

   FlywayAutoConfiguration.FlywayConfiguration matched:
      - @ConditionalOnClass found required class 'org.springframework.jdbc.support.JdbcUtils' (OnClassCondition)
      - @ConditionalOnMissingBean (types: org.flywaydb.core.Flyway; SearchStrategy: all) did not find any beans (OnBeanCondition)

   FlywayAutoConfiguration.FlywayConfiguration#flywayConnectionDetails matched:
      - @ConditionalOnMissingBean (types: org.springframework.boot.autoconfigure.flyway.FlywayConnectionDetails; SearchStrategy: all) did not find any beans (OnBeanCondition)

   FlywayAutoConfiguration.FlywayConfiguration#flywayInitializer matched:
      - @ConditionalOnMissingBean (types: org.springframework.boot.autoconfigure.flyway.FlywayMigrationInitializer; SearchStrategy: all) did not find any beans (OnBeanCondition)

   FlywayAutoConfiguration.FlywayConfiguration#postgresqlFlywayConfigurationCustomizer matched:
      - @ConditionalOnClass found required class 'org.flywaydb.database.postgresql.PostgreSQLConfigurationExtension' (OnClassCondition)

   GenericCacheConfiguration matched:
      - Cache org.springframework.boot.autoconfigure.cache.GenericCacheConfiguration automatic cache type (CacheCondition)

   GsonAutoConfiguration matched:
      - @ConditionalOnClass found required class 'com.google.gson.Gson' (OnClassCondition)

   GsonAutoConfiguration#gson matched:
      - @ConditionalOnMissingBean (types: com.google.gson.Gson; SearchStrategy: all) did not find any beans (OnBeanCondition)

   GsonAutoConfiguration#gsonBuilder matched:
      - @ConditionalOnMissingBean (types: com.google.gson.GsonBuilder; SearchStrategy: all) did not find any beans (OnBeanCondition)

   GsonHttpMessageConvertersConfiguration matched:
      - @ConditionalOnClass found required class 'com.google.gson.Gson' (OnClassCondition)

   HibernateJpaAutoConfiguration matched:
      - @ConditionalOnClass found required classes 'org.springframework.orm.jpa.LocalContainerEntityManagerFactoryBean', 'jakarta.persistence.EntityManager', 'org.hibernate.engine.spi.SessionImplementor' (OnClassCondition)

   HibernateJpaConfiguration matched:
      - @ConditionalOnSingleCandidate (types: javax.sql.DataSource; SearchStrategy: all) found a single bean 'dataSource' (OnBeanCondition)

   HttpEncodingAutoConfiguration matched:
      - @ConditionalOnClass found required class 'org.springframework.web.filter.CharacterEncodingFilter' (OnClassCondition)
      - found 'session' scope (OnWebApplicationCondition)
      - @ConditionalOnProperty (server.servlet.encoding.enabled) matched (OnPropertyCondition)

   HttpEncodingAutoConfiguration#characterEncodingFilter matched:
      - @ConditionalOnMissingBean (types: org.springframework.web.filter.CharacterEncodingFilter; SearchStrategy: all) did not find any beans (OnBeanCondition)

   HttpMessageConvertersAutoConfiguration matched:
      - @ConditionalOnClass found required class 'org.springframework.http.converter.HttpMessageConverter' (OnClassCondition)
      - NoneNestedConditions 0 matched 1 did not; NestedCondition on HttpMessageConvertersAutoConfiguration.NotReactiveWebApplicationCondition.ReactiveWebApplication not a reactive web application (HttpMessageConvertersAutoConfiguration.NotReactiveWebApplicationCondition)

   HttpMessageConvertersAutoConfiguration#messageConverters matched:
      - @ConditionalOnMissingBean (types: org.springframework.boot.autoconfigure.http.HttpMessageConverters; SearchStrategy: all) did not find any beans (OnBeanCondition)

   HttpMessageConvertersAutoConfiguration.StringHttpMessageConverterConfiguration matched:
      - @ConditionalOnClass found required class 'org.springframework.http.converter.StringHttpMessageConverter' (OnClassCondition)

   HttpMessageConvertersAutoConfiguration.StringHttpMessageConverterConfiguration#stringHttpMessageConverter matched:
      - @ConditionalOnMissingBean (types: org.springframework.http.converter.StringHttpMessageConverter; SearchStrategy: all) did not find any beans (OnBeanCondition)

   JacksonAutoConfiguration matched:
      - @ConditionalOnClass found required class 'com.fasterxml.jackson.databind.ObjectMapper' (OnClassCondition)

   JacksonAutoConfiguration.Jackson2ObjectMapperBuilderCustomizerConfiguration matched:
      - @ConditionalOnClass found required class 'org.springframework.http.converter.json.Jackson2ObjectMapperBuilder' (OnClassCondition)

   JacksonAutoConfiguration.JacksonObjectMapperBuilderConfiguration matched:
      - @ConditionalOnClass found required class 'org.springframework.http.converter.json.Jackson2ObjectMapperBuilder' (OnClassCondition)

   JacksonAutoConfiguration.JacksonObjectMapperBuilderConfiguration#jacksonObjectMapperBuilder matched:
      - @ConditionalOnMissingBean (types: org.springframework.http.converter.json.Jackson2ObjectMapperBuilder; SearchStrategy: all) did not find any beans (OnBeanCondition)

   JacksonAutoConfiguration.JacksonObjectMapperConfiguration matched:
      - @ConditionalOnClass found required class 'org.springframework.http.converter.json.Jackson2ObjectMapperBuilder' (OnClassCondition)

   JacksonAutoConfiguration.JacksonObjectMapperConfiguration#jacksonObjectMapper matched:
      - @ConditionalOnMissingBean (types: com.fasterxml.jackson.databind.ObjectMapper; SearchStrategy: all) did not find any beans (OnBeanCondition)

   JacksonAutoConfiguration.ParameterNamesModuleConfiguration matched:
      - @ConditionalOnClass found required class 'com.fasterxml.jackson.module.paramnames.ParameterNamesModule' (OnClassCondition)

   JacksonAutoConfiguration.ParameterNamesModuleConfiguration#parameterNamesModule matched:
      - @ConditionalOnMissingBean (types: com.fasterxml.jackson.module.paramnames.ParameterNamesModule; SearchStrategy: all) did not find any beans (OnBeanCondition)

   JacksonHttpMessageConvertersConfiguration.MappingJackson2HttpMessageConverterConfiguration matched:
      - @ConditionalOnClass found required class 'com.fasterxml.jackson.databind.ObjectMapper' (OnClassCondition)
      - @ConditionalOnProperty (spring.mvc.converters.preferred-json-mapper=jackson) matched (OnPropertyCondition)
      - @ConditionalOnBean (types: com.fasterxml.jackson.databind.ObjectMapper; SearchStrategy: all) found bean 'jacksonObjectMapper' (OnBeanCondition)

   JacksonHttpMessageConvertersConfiguration.MappingJackson2HttpMessageConverterConfiguration#mappingJackson2HttpMessageConverter matched:
      - @ConditionalOnMissingBean (types: org.springframework.http.converter.json.MappingJackson2HttpMessageConverter ignored: org.springframework.hateoas.server.mvc.TypeConstrainedMappingJackson2HttpMessageConverter,org.springframework.data.rest.webmvc.alps.AlpsJsonHttpMessageConverter; SearchStrategy: all) did not find any beans (OnBeanCondition)

   JdbcClientAutoConfiguration matched:
      - @ConditionalOnSingleCandidate (types: org.springframework.jdbc.core.namedparam.NamedParameterJdbcTemplate; SearchStrategy: all) found a single bean 'namedParameterJdbcTemplate'; @ConditionalOnMissingBean (types: org.springframework.jdbc.core.simple.JdbcClient; SearchStrategy: all) did not find any beans (OnBeanCondition)

   JdbcTemplateAutoConfiguration matched:
      - @ConditionalOnClass found required classes 'javax.sql.DataSource', 'org.springframework.jdbc.core.JdbcTemplate' (OnClassCondition)
      - @ConditionalOnSingleCandidate (types: javax.sql.DataSource; SearchStrategy: all) found a single bean 'dataSource' (OnBeanCondition)

   JdbcTemplateConfiguration matched:
      - @ConditionalOnMissingBean (types: org.springframework.jdbc.core.JdbcOperations; SearchStrategy: all) did not find any beans (OnBeanCondition)

   JpaBaseConfiguration#entityManagerFactory matched:
      - @ConditionalOnMissingBean (types: org.springframework.orm.jpa.LocalContainerEntityManagerFactoryBean,jakarta.persistence.EntityManagerFactory; SearchStrategy: all) did not find any beans (OnBeanCondition)

   JpaBaseConfiguration#entityManagerFactoryBuilder matched:
      - @ConditionalOnMissingBean (types: org.springframework.boot.orm.jpa.EntityManagerFactoryBuilder; SearchStrategy: all) did not find any beans (OnBeanCondition)

   JpaBaseConfiguration#jpaVendorAdapter matched:
      - @ConditionalOnMissingBean (types: org.springframework.orm.jpa.JpaVendorAdapter; SearchStrategy: all) did not find any beans (OnBeanCondition)

   JpaBaseConfiguration.PersistenceManagedTypesConfiguration matched:
      - @ConditionalOnMissingBean (types: org.springframework.orm.jpa.LocalContainerEntityManagerFactoryBean,jakarta.persistence.EntityManagerFactory; SearchStrategy: all) did not find any beans (OnBeanCondition)

   JpaBaseConfiguration.PersistenceManagedTypesConfiguration#persistenceManagedTypes matched:
      - @ConditionalOnMissingBean (types: org.springframework.orm.jpa.persistenceunit.PersistenceManagedTypes; SearchStrategy: all) did not find any beans (OnBeanCondition)

   JtaAutoConfiguration matched:
      - @ConditionalOnClass found required class 'jakarta.transaction.Transaction' (OnClassCondition)
      - @ConditionalOnProperty (spring.jta.enabled) matched (OnPropertyCondition)

   LettuceConnectionConfiguration matched:
      - @ConditionalOnClass found required class 'io.lettuce.core.RedisClient' (OnClassCondition)
      - @ConditionalOnProperty (spring.data.redis.client-type=lettuce) matched (OnPropertyCondition)

   LettuceConnectionConfiguration#lettuceClientResources matched:
      - @ConditionalOnMissingBean (types: io.lettuce.core.resource.ClientResources; SearchStrategy: all) did not find any beans (OnBeanCondition)

   LettuceConnectionConfiguration#redisConnectionFactory matched:
      - @ConditionalOnMissingBean (types: org.springframework.data.redis.connection.RedisConnectionFactory; SearchStrategy: all) did not find any beans (OnBeanCondition)
      - @ConditionalOnThreading found PLATFORM (OnThreadingCondition)

   LifecycleAutoConfiguration#defaultLifecycleProcessor matched:
      - @ConditionalOnMissingBean (names: lifecycleProcessor; SearchStrategy: current) did not find any beans (OnBeanCondition)

   MultipartAutoConfiguration matched:
      - @ConditionalOnClass found required classes 'jakarta.servlet.Servlet', 'org.springframework.web.multipart.support.StandardServletMultipartResolver', 'jakarta.servlet.MultipartConfigElement' (OnClassCondition)
      - found 'session' scope (OnWebApplicationCondition)
      - @ConditionalOnProperty (spring.servlet.multipart.enabled) matched (OnPropertyCondition)

   MultipartAutoConfiguration#multipartConfigElement matched:
      - @ConditionalOnMissingBean (types: jakarta.servlet.MultipartConfigElement; SearchStrategy: all) did not find any beans (OnBeanCondition)

   MultipartAutoConfiguration#multipartResolver matched:
      - @ConditionalOnMissingBean (types: org.springframework.web.multipart.MultipartResolver; SearchStrategy: all) did not find any beans (OnBeanCondition)

   NamedParameterJdbcTemplateConfiguration matched:
      - @ConditionalOnSingleCandidate (types: org.springframework.jdbc.core.JdbcTemplate; SearchStrategy: all) found a single bean 'jdbcTemplate'; @ConditionalOnMissingBean (types: org.springframework.jdbc.core.namedparam.NamedParameterJdbcOperations; SearchStrategy: all) did not find any beans (OnBeanCondition)

   Neo4jAutoConfiguration matched:
      - @ConditionalOnClass found required class 'org.neo4j.driver.Driver' (OnClassCondition)

   Neo4jAutoConfiguration#neo4jConnectionDetails matched:
      - @ConditionalOnMissingBean (types: org.springframework.boot.autoconfigure.neo4j.Neo4jConnectionDetails; SearchStrategy: all) did not find any beans (OnBeanCondition)

   Neo4jAutoConfiguration#neo4jDriver matched:
      - @ConditionalOnMissingBean (types: org.neo4j.driver.Driver; SearchStrategy: all) did not find any beans (OnBeanCondition)

   Neo4jDataAutoConfiguration matched:
      - @ConditionalOnClass found required classes 'org.neo4j.driver.Driver', 'org.springframework.data.neo4j.core.transaction.Neo4jTransactionManager', 'org.springframework.transaction.PlatformTransactionManager' (OnClassCondition)
      - @ConditionalOnBean (types: org.neo4j.driver.Driver; SearchStrategy: all) found bean 'neo4jDriver' (OnBeanCondition)

   Neo4jDataAutoConfiguration#databaseSelectionProvider matched:
      - @ConditionalOnMissingBean (types: org.springframework.data.neo4j.core.DatabaseSelectionProvider; SearchStrategy: all) did not find any beans (OnBeanCondition)

   Neo4jDataAutoConfiguration#neo4jClient matched:
      - @ConditionalOnMissingBean (types: org.springframework.data.neo4j.core.Neo4jClient; SearchStrategy: all) did not find any beans (OnBeanCondition)

   Neo4jDataAutoConfiguration#neo4jConversions matched:
      - @ConditionalOnMissingBean (types: org.springframework.data.neo4j.core.convert.Neo4jConversions; SearchStrategy: all) did not find any beans (OnBeanCondition)

   Neo4jDataAutoConfiguration#neo4jManagedTypes matched:
      - @ConditionalOnMissingBean (types: org.springframework.data.neo4j.aot.Neo4jManagedTypes; SearchStrategy: all) did not find any beans (OnBeanCondition)

   Neo4jDataAutoConfiguration#neo4jMappingContext matched:
      - @ConditionalOnMissingBean (types: org.springframework.data.neo4j.core.mapping.Neo4jMappingContext; SearchStrategy: all) did not find any beans (OnBeanCondition)

   Neo4jDataAutoConfiguration#neo4jTemplate matched:
      - @ConditionalOnMissingBean (types: org.springframework.data.neo4j.core.Neo4jOperations; SearchStrategy: all) did not find any beans (OnBeanCondition)

   Neo4jReactiveDataAutoConfiguration matched:
      - @ConditionalOnClass found required classes 'org.neo4j.driver.Driver', 'org.springframework.data.neo4j.core.ReactiveNeo4jTemplate', 'org.springframework.transaction.ReactiveTransactionManager', 'reactor.core.publisher.Flux' (OnClassCondition)
      - @ConditionalOnBean (types: org.neo4j.driver.Driver; SearchStrategy: all) found bean 'neo4jDriver' (OnBeanCondition)

   Neo4jReactiveDataAutoConfiguration#reactiveDatabaseSelectionProvider matched:
      - @ConditionalOnMissingBean (types: org.springframework.data.neo4j.core.ReactiveDatabaseSelectionProvider; SearchStrategy: all) did not find any beans (OnBeanCondition)

   Neo4jReactiveDataAutoConfiguration#reactiveNeo4jClient matched:
      - @ConditionalOnMissingBean (types: org.springframework.data.neo4j.core.ReactiveNeo4jClient; SearchStrategy: all) did not find any beans (OnBeanCondition)

   Neo4jReactiveDataAutoConfiguration#reactiveNeo4jTemplate matched:
      - @ConditionalOnMissingBean (types: org.springframework.data.neo4j.core.ReactiveNeo4jOperations; SearchStrategy: all) did not find any beans (OnBeanCondition)

   NettyAutoConfiguration matched:
      - @ConditionalOnClass found required class 'io.netty.util.NettyRuntime' (OnClassCondition)

   NoOpCacheConfiguration matched:
      - Cache org.springframework.boot.autoconfigure.cache.NoOpCacheConfiguration automatic cache type (CacheCondition)

   PersistenceExceptionTranslationAutoConfiguration matched:
      - @ConditionalOnClass found required class 'org.springframework.dao.annotation.PersistenceExceptionTranslationPostProcessor' (OnClassCondition)

   PersistenceExceptionTranslationAutoConfiguration#persistenceExceptionTranslationPostProcessor matched:
      - @ConditionalOnProperty (spring.dao.exceptiontranslation.enabled) matched (OnPropertyCondition)
      - @ConditionalOnMissingBean (types: org.springframework.dao.annotation.PersistenceExceptionTranslationPostProcessor; SearchStrategy: all) did not find any beans (OnBeanCondition)

   PropertyPlaceholderAutoConfiguration#propertySourcesPlaceholderConfigurer matched:
      - @ConditionalOnMissingBean (types: org.springframework.context.support.PropertySourcesPlaceholderConfigurer; SearchStrategy: current) did not find any beans (OnBeanCondition)

   RateLimiterAutoConfiguration matched:
      - @ConditionalOnClass found required class 'io.github.resilience4j.ratelimiter.RateLimiter' (OnClassCondition)

   RateLimiterConfigurationOnMissingBean#rateLimiterEventsConsumerRegistry matched:
      - @ConditionalOnMissingBean (types: io.github.resilience4j.ratelimiter.event.RateLimiterEvent; SearchStrategy: all) did not find any beans (OnBeanCondition)

   RateLimiterMetricsAutoConfiguration matched:
      - @ConditionalOnClass found required classes 'io.micrometer.core.instrument.MeterRegistry', 'io.github.resilience4j.ratelimiter.RateLimiter', 'io.github.resilience4j.micrometer.tagged.TaggedRateLimiterMetricsPublisher' (OnClassCondition)
      - @ConditionalOnProperty (resilience4j.ratelimiter.metrics.enabled) matched (OnPropertyCondition)

   ReactiveSecurityAutoConfiguration matched:
      - @ConditionalOnClass found required classes 'reactor.core.publisher.Flux', 'org.springframework.security.config.annotation.web.reactive.EnableWebFluxSecurity', 'org.springframework.security.web.server.WebFilterChainProxy', 'org.springframework.web.reactive.config.WebFluxConfigurer' (OnClassCondition)

   ReactorAutoConfiguration matched:
      - @ConditionalOnClass found required class 'reactor.core.publisher.Hooks' (OnClassCondition)

   ReactorNettyConfigurations.ReactorResourceFactoryConfiguration#reactorResourceFactory matched:
      - @ConditionalOnMissingBean (types: org.springframework.http.client.ReactorResourceFactory; SearchStrategy: all) did not find any beans (OnBeanCondition)

   RedisAutoConfiguration matched:
      - @ConditionalOnClass found required class 'org.springframework.data.redis.core.RedisOperations' (OnClassCondition)

   RedisAutoConfiguration#redisConnectionDetails matched:
      - @ConditionalOnMissingBean (types: org.springframework.boot.autoconfigure.data.redis.RedisConnectionDetails; SearchStrategy: all) did not find any beans (OnBeanCondition)

   RedisAutoConfiguration#stringRedisTemplate matched:
      - @ConditionalOnSingleCandidate (types: org.springframework.data.redis.connection.RedisConnectionFactory; SearchStrategy: all) found a single bean 'redisConnectionFactory'; @ConditionalOnMissingBean (types: org.springframework.data.redis.core.StringRedisTemplate; SearchStrategy: all) did not find any beans (OnBeanCondition)

   RedisCacheConfiguration matched:
      - @ConditionalOnClass found required class 'org.springframework.data.redis.connection.RedisConnectionFactory' (OnClassCondition)
      - Cache org.springframework.boot.autoconfigure.cache.RedisCacheConfiguration automatic cache type (CacheCondition)

   RedisReactiveAutoConfiguration matched:
      - @ConditionalOnClass found required classes 'org.springframework.data.redis.connection.ReactiveRedisConnectionFactory', 'org.springframework.data.redis.core.ReactiveRedisTemplate', 'reactor.core.publisher.Flux' (OnClassCondition)

   RedisReactiveAutoConfiguration#reactiveRedisTemplate matched:
      - @ConditionalOnBean (types: org.springframework.data.redis.connection.ReactiveRedisConnectionFactory; SearchStrategy: all) found bean 'redisConnectionFactory'; @ConditionalOnMissingBean (names: reactiveRedisTemplate; SearchStrategy: all) did not find any beans (OnBeanCondition)

   RedisReactiveAutoConfiguration#reactiveStringRedisTemplate matched:
      - @ConditionalOnBean (types: org.springframework.data.redis.connection.ReactiveRedisConnectionFactory; SearchStrategy: all) found bean 'redisConnectionFactory'; @ConditionalOnMissingBean (names: reactiveStringRedisTemplate; SearchStrategy: all) did not find any beans (OnBeanCondition)

   RestClientAutoConfiguration matched:
      - @ConditionalOnClass found required class 'org.springframework.web.client.RestClient' (OnClassCondition)
      - NoneNestedConditions 0 matched 1 did not; NestedCondition on NotReactiveWebApplicationCondition.ReactiveWebApplication not a reactive web application (NotReactiveWebApplicationCondition)

   RestClientAutoConfiguration#httpMessageConvertersRestClientCustomizer matched:
      - @ConditionalOnMissingBean (types: org.springframework.boot.autoconfigure.web.client.HttpMessageConvertersRestClientCustomizer; SearchStrategy: all) did not find any beans (OnBeanCondition)

   RestClientAutoConfiguration#restClientBuilder matched:
      - @ConditionalOnMissingBean (types: org.springframework.web.client.RestClient$Builder; SearchStrategy: all) did not find any beans (OnBeanCondition)

   RestClientAutoConfiguration#restClientBuilderConfigurer matched:
      - @ConditionalOnMissingBean (types: org.springframework.boot.autoconfigure.web.client.RestClientBuilderConfigurer; SearchStrategy: all) did not find any beans (OnBeanCondition)

   RestClientAutoConfiguration#restClientSsl matched:
      - @ConditionalOnBean (types: org.springframework.boot.ssl.SslBundles; SearchStrategy: all) found bean 'sslBundleRegistry'; @ConditionalOnMissingBean (types: org.springframework.boot.autoconfigure.web.client.RestClientSsl; SearchStrategy: all) did not find any beans (OnBeanCondition)

   RestTemplateAutoConfiguration matched:
      - @ConditionalOnClass found required class 'org.springframework.web.client.RestTemplate' (OnClassCondition)
      - NoneNestedConditions 0 matched 1 did not; NestedCondition on NotReactiveWebApplicationCondition.ReactiveWebApplication not a reactive web application (NotReactiveWebApplicationCondition)

   RestTemplateAutoConfiguration#restTemplateBuilder matched:
      - @ConditionalOnMissingBean (types: org.springframework.boot.web.client.RestTemplateBuilder; SearchStrategy: all) did not find any beans (OnBeanCondition)

   RetryAutoConfiguration matched:
      - @ConditionalOnClass found required class 'io.github.resilience4j.retry.Retry' (OnClassCondition)

   RetryConfigurationOnMissingBean#retryEventConsumerRegistry matched:
      - @ConditionalOnMissingBean (types: io.github.resilience4j.retry.event.RetryEvent; SearchStrategy: all) did not find any beans (OnBeanCondition)

   RetryMetricsAutoConfiguration matched:
      - @ConditionalOnClass found required classes 'io.micrometer.core.instrument.MeterRegistry', 'io.github.resilience4j.retry.Retry', 'io.github.resilience4j.micrometer.tagged.TaggedRetryMetricsPublisher' (OnClassCondition)
      - @ConditionalOnProperty (resilience4j.retry.metrics.enabled) matched (OnPropertyCondition)

   SecurityAutoConfiguration matched:
      - @ConditionalOnClass found required class 'org.springframework.security.authentication.DefaultAuthenticationEventPublisher' (OnClassCondition)

   SecurityAutoConfiguration#authenticationEventPublisher matched:
      - @ConditionalOnMissingBean (types: org.springframework.security.authentication.AuthenticationEventPublisher; SearchStrategy: all) did not find any beans (OnBeanCondition)

   SecurityFilterAutoConfiguration matched:
      - @ConditionalOnClass found required classes 'org.springframework.security.web.context.AbstractSecurityWebApplicationInitializer', 'org.springframework.security.config.http.SessionCreationPolicy' (OnClassCondition)
      - found 'session' scope (OnWebApplicationCondition)

   SecurityFilterAutoConfiguration#securityFilterChainRegistration matched:
      - @ConditionalOnBean (names: springSecurityFilterChain; SearchStrategy: all) found bean 'springSecurityFilterChain' (OnBeanCondition)

   ServletWebServerFactoryAutoConfiguration matched:
      - @ConditionalOnClass found required class 'jakarta.servlet.ServletRequest' (OnClassCondition)
      - found 'session' scope (OnWebApplicationCondition)

   ServletWebServerFactoryAutoConfiguration#tomcatServletWebServerFactoryCustomizer matched:
      - @ConditionalOnClass found required class 'org.apache.catalina.startup.Tomcat' (OnClassCondition)

   ServletWebServerFactoryConfiguration.EmbeddedTomcat matched:
      - @ConditionalOnClass found required classes 'jakarta.servlet.Servlet', 'org.apache.catalina.startup.Tomcat', 'org.apache.coyote.UpgradeProtocol' (OnClassCondition)
      - @ConditionalOnMissingBean (types: org.springframework.boot.web.servlet.server.ServletWebServerFactory; SearchStrategy: current) did not find any beans (OnBeanCondition)

   SimpleCacheConfiguration matched:
      - Cache org.springframework.boot.autoconfigure.cache.SimpleCacheConfiguration automatic cache type (CacheCondition)

   SpelResolverConfigurationOnMissingBean#parameterNameDiscoverer matched:
      - @ConditionalOnMissingBean (types: org.springframework.core.ParameterNameDiscoverer; SearchStrategy: all) did not find any beans (OnBeanCondition)

   SpelResolverConfigurationOnMissingBean#spelExpressionParser matched:
      - @ConditionalOnMissingBean (types: org.springframework.expression.spel.standard.SpelExpressionParser; SearchStrategy: all) did not find any beans (OnBeanCondition)

   SpelResolverConfigurationOnMissingBean#spelResolver matched:
      - @ConditionalOnMissingBean (types: io.github.resilience4j.spring6.spelresolver.SpelResolver; SearchStrategy: all) did not find any beans (OnBeanCondition)

   SpringBootWebSecurityConfiguration matched:
      - found 'session' scope (OnWebApplicationCondition)

   SpringDocConfigProperties matched:
      - @ConditionalOnProperty (springdoc.api-docs.enabled) matched (OnPropertyCondition)
      - @ConditionalOnBean (types: org.springdoc.core.configuration.SpringDocConfiguration; SearchStrategy: all) found bean 'org.springdoc.core.configuration.SpringDocConfiguration' (OnBeanCondition)

   SpringDocConfiguration matched:
      - @ConditionalOnWebApplication (required) found 'session' scope (OnWebApplicationCondition)
      - @ConditionalOnProperty (springdoc.api-docs.enabled) matched (OnPropertyCondition)

   SpringDocConfiguration#fileSupportConverter matched:
      - @ConditionalOnMissingBean (types: org.springdoc.core.converters.FileSupportConverter; SearchStrategy: all) did not find any beans (OnBeanCondition)

   SpringDocConfiguration#openAPIBuilder matched:
      - @ConditionalOnMissingBean (types: org.springdoc.core.service.OpenAPIService; SearchStrategy: all) did not find any beans (OnBeanCondition)

   SpringDocConfiguration#operationBuilder matched:
      - @ConditionalOnMissingBean (types: org.springdoc.core.service.OperationService; SearchStrategy: all) did not find any beans (OnBeanCondition)

   SpringDocConfiguration#parameterBuilder matched:
      - @ConditionalOnMissingBean (types: org.springdoc.core.service.GenericParameterService; SearchStrategy: all) did not find any beans (OnBeanCondition)

   SpringDocConfiguration#polymorphicModelConverter matched:
      - @ConditionalOnProperty (springdoc.model-converters.polymorphic-converter.enabled) matched (OnPropertyCondition)
      - @ConditionalOnMissingBean (types: org.springdoc.core.converters.PolymorphicModelConverter; SearchStrategy: all) did not find any beans (OnBeanCondition)

   SpringDocConfiguration#requestBodyBuilder matched:
      - @ConditionalOnMissingBean (types: org.springdoc.core.service.RequestBodyService; SearchStrategy: all) did not find any beans (OnBeanCondition)

   SpringDocConfiguration#responseSupportConverter matched:
      - @ConditionalOnMissingBean (types: org.springdoc.core.converters.ResponseSupportConverter; SearchStrategy: all) did not find any beans (OnBeanCondition)

   SpringDocConfiguration#schemaPropertyDeprecatingConverter matched:
      - @ConditionalOnProperty (springdoc.model-converters.deprecating-converter.enabled) matched (OnPropertyCondition)
      - @ConditionalOnMissingBean (types: org.springdoc.core.converters.SchemaPropertyDeprecatingConverter; SearchStrategy: all) did not find any beans (OnBeanCondition)

   SpringDocConfiguration#securityParser matched:
      - @ConditionalOnMissingBean (types: org.springdoc.core.service.SecurityService; SearchStrategy: all) did not find any beans (OnBeanCondition)

   SpringDocConfiguration#springDocCustomizers matched:
      - @ConditionalOnMissingBean (types: org.springdoc.core.customizers.SpringDocCustomizers; SearchStrategy: all) did not find any beans (OnBeanCondition)

   SpringDocConfiguration#springDocProviders matched:
      - @ConditionalOnMissingBean (types: org.springdoc.core.providers.SpringDocProviders; SearchStrategy: all) did not find any beans (OnBeanCondition)

   SpringDocConfiguration#springdocObjectMapperProvider matched:
      - @ConditionalOnMissingBean (types: org.springdoc.core.providers.ObjectMapperProvider; SearchStrategy: all) did not find any beans (OnBeanCondition)

   SpringDocConfiguration.QuerydslProvider matched:
      - @ConditionalOnClass found required class 'org.springframework.data.querydsl.binding.QuerydslBindingsFactory' (OnClassCondition)

   SpringDocConfiguration.QuerydslProvider#queryDslQuerydslPredicateOperationCustomizer matched:
      - @ConditionalOnMissingBean (types: org.springdoc.core.customizers.QuerydslPredicateOperationCustomizer; SearchStrategy: all) did not find any beans (OnBeanCondition)

   SpringDocConfiguration.SpringDocSpringDataWebPropertiesProvider matched:
      - @ConditionalOnClass found required class 'org.springframework.boot.autoconfigure.data.web.SpringDataWebProperties' (OnClassCondition)

   SpringDocConfiguration.SpringDocSpringDataWebPropertiesProvider#springDataWebPropertiesProvider matched:
      - @ConditionalOnMissingBean (types: org.springdoc.core.providers.SpringDataWebPropertiesProvider; SearchStrategy: all) did not find any beans (OnBeanCondition)

   SpringDocConfiguration.SpringDocWebFluxSupportConfiguration matched:
      - @ConditionalOnClass found required class 'reactor.core.publisher.Flux' (OnClassCondition)

   SpringDocConfiguration.SpringDocWebFluxSupportConfiguration#webFluxSupportConverter matched:
      - @ConditionalOnMissingBean (types: org.springdoc.core.converters.WebFluxSupportConverter; SearchStrategy: all) did not find any beans (OnBeanCondition)

   SpringDocConfiguration.WebConversionServiceConfiguration matched:
      - @ConditionalOnClass found required class 'org.springframework.boot.autoconfigure.web.format.WebConversionService' (OnClassCondition)

   SpringDocPageableConfiguration matched:
      - @ConditionalOnClass found required class 'org.springframework.data.domain.Pageable' (OnClassCondition)
      - @ConditionalOnWebApplication (required) found 'session' scope (OnWebApplicationCondition)
      - @ConditionalOnProperty (springdoc.api-docs.enabled) matched (OnPropertyCondition)
      - @ConditionalOnBean (types: org.springdoc.core.configuration.SpringDocConfiguration; SearchStrategy: all) found bean 'org.springdoc.core.configuration.SpringDocConfiguration' (OnBeanCondition)

   SpringDocPageableConfiguration#delegatingMethodParameterCustomizer matched:
      - @ConditionalOnMissingBean (types: org.springdoc.core.customizers.DelegatingMethodParameterCustomizer; SearchStrategy: all) did not find any beans (OnBeanCondition)

   SpringDocPageableConfiguration#pageableOpenAPIConverter matched:
      - @ConditionalOnProperty (springdoc.model-converters.pageable-converter.enabled) matched (OnPropertyCondition)
      - @ConditionalOnMissingBean (types: org.springdoc.core.converters.PageableOpenAPIConverter; SearchStrategy: all) did not find any beans (OnBeanCondition)

   SpringDocSecurityConfiguration matched:
      - @ConditionalOnClass found required class 'org.springframework.security.web.SecurityFilterChain' (OnClassCondition)
      - @ConditionalOnWebApplication (required) found 'session' scope (OnWebApplicationCondition)
      - @ConditionalOnExpression (#{${springdoc.api-docs.enabled:true} and ${springdoc.enable-spring-security:true}}) resulted in true (OnExpressionCondition)
      - @ConditionalOnBean (types: org.springdoc.core.configuration.SpringDocConfiguration; SearchStrategy: all) found bean 'org.springdoc.core.configuration.SpringDocConfiguration' (OnBeanCondition)

   SpringDocSecurityConfiguration.SpringSecurityLoginEndpointConfiguration matched:
      - @ConditionalOnClass found required class 'jakarta.servlet.Filter' (OnClassCondition)

   SpringDocSortConfiguration matched:
      - @ConditionalOnClass found required class 'org.springframework.data.domain.Sort' (OnClassCondition)
      - @ConditionalOnWebApplication (required) found 'session' scope (OnWebApplicationCondition)
      - @ConditionalOnProperty (springdoc.api-docs.enabled) matched (OnPropertyCondition)
      - @ConditionalOnBean (types: org.springdoc.core.configuration.SpringDocConfiguration; SearchStrategy: all) found bean 'org.springdoc.core.configuration.SpringDocConfiguration' (OnBeanCondition)

   SpringDocSortConfiguration#sortOpenAPIConverter matched:
      - @ConditionalOnProperty (springdoc.model-converters.sort-converter.enabled) matched (OnPropertyCondition)
      - @ConditionalOnMissingBean (types: org.springdoc.core.converters.SortOpenAPIConverter; SearchStrategy: all) did not find any beans (OnBeanCondition)

   SpringDocUIConfiguration matched:
      - @ConditionalOnWebApplication (required) found 'session' scope (OnWebApplicationCondition)
      - @ConditionalOnBean (types: org.springdoc.core.configuration.SpringDocConfiguration; SearchStrategy: all) found bean 'org.springdoc.core.configuration.SpringDocConfiguration' (OnBeanCondition)

   SpringDocWebMvcConfiguration matched:
      - found 'session' scope (OnWebApplicationCondition)
      - @ConditionalOnProperty (springdoc.api-docs.enabled) matched (OnPropertyCondition)
      - @ConditionalOnBean (types: org.springdoc.core.configuration.SpringDocConfiguration; SearchStrategy: all) found bean 'org.springdoc.core.configuration.SpringDocConfiguration' (OnBeanCondition)

   SpringDocWebMvcConfiguration#openApiResource matched:
      - @ConditionalOnProperty (springdoc.use-management-port=false) matched (OnPropertyCondition)
      - @ConditionalOnMissingBean (types: org.springdoc.webmvc.api.OpenApiWebMvcResource; SearchStrategy: all) did not find any beans (OnBeanCondition)

   SpringDocWebMvcConfiguration#requestBuilder matched:
      - @ConditionalOnMissingBean (types: org.springdoc.webmvc.core.service.RequestService; SearchStrategy: all) did not find any beans (OnBeanCondition)

   SpringDocWebMvcConfiguration#responseBuilder matched:
      - @ConditionalOnMissingBean (types: org.springdoc.core.service.GenericResponseService; SearchStrategy: all) did not find any beans (OnBeanCondition)

   SpringDocWebMvcConfiguration#springWebProvider matched:
      - @ConditionalOnMissingBean (types: org.springdoc.core.providers.SpringWebProvider; SearchStrategy: all) did not find any beans (OnBeanCondition)

   SpringDocWebMvcConfiguration.SpringDocWebMvcRouterConfiguration matched:
      - @ConditionalOnClass found required class 'org.springframework.web.servlet.function.RouterFunction' (OnClassCondition)

   SpringDocWebMvcConfiguration.SpringDocWebMvcRouterConfiguration#routerFunctionProvider matched:
      - @ConditionalOnMissingBean (types: org.springdoc.webmvc.core.providers.RouterFunctionWebMvcProvider; SearchStrategy: all) did not find any beans (OnBeanCondition)

   SqlInitializationAutoConfiguration matched:
      - @ConditionalOnProperty (spring.sql.init.enabled) matched (OnPropertyCondition)
      - NoneNestedConditions 0 matched 1 did not; NestedCondition on SqlInitializationAutoConfiguration.SqlInitializationModeCondition.ModeIsNever @ConditionalOnProperty (spring.sql.init.mode=never) did not find property 'mode' (SqlInitializationAutoConfiguration.SqlInitializationModeCondition)

   SslAutoConfiguration#sslBundleRegistry matched:
      - @ConditionalOnMissingBean (types: org.springframework.boot.ssl.SslBundleRegistry,org.springframework.boot.ssl.SslBundles; SearchStrategy: all) did not find any beans (OnBeanCondition)

   SwaggerConfig matched:
      - found 'session' scope (OnWebApplicationCondition)
      - @ConditionalOnProperty (springdoc.swagger-ui.enabled) matched (OnPropertyCondition)
      - @ConditionalOnBean (types: org.springdoc.core.configuration.SpringDocConfiguration; SearchStrategy: all) found bean 'org.springdoc.core.configuration.SpringDocConfiguration' (OnBeanCondition)

   SwaggerConfig#indexPageTransformer matched:
      - @ConditionalOnMissingBean (types: org.springdoc.webmvc.ui.SwaggerIndexTransformer; SearchStrategy: all) did not find any beans (OnBeanCondition)

   SwaggerConfig#swaggerConfigResource matched:
      - @ConditionalOnProperty (springdoc.use-management-port=false) matched (OnPropertyCondition)
      - @ConditionalOnMissingBean (types: org.springdoc.webmvc.ui.SwaggerConfigResource; SearchStrategy: all) did not find any beans (OnBeanCondition)

   SwaggerConfig#swaggerResourceResolver matched:
      - @ConditionalOnMissingBean (types: org.springdoc.webmvc.ui.SwaggerResourceResolver; SearchStrategy: all) did not find any beans (OnBeanCondition)

   SwaggerConfig#swaggerWebMvcConfigurer matched:
      - @ConditionalOnMissingBean (types: org.springdoc.webmvc.ui.SwaggerWebMvcConfigurer; SearchStrategy: all) did not find any beans (OnBeanCondition)

   SwaggerConfig#swaggerWelcome matched:
      - @ConditionalOnProperty (springdoc.use-management-port=false) matched (OnPropertyCondition)
      - @ConditionalOnMissingBean (types: org.springdoc.webmvc.ui.SwaggerWelcomeWebMvc; SearchStrategy: all) did not find any beans (OnBeanCondition)

   SwaggerUiConfigParameters matched:
      - @ConditionalOnProperty (springdoc.swagger-ui.enabled) matched (OnPropertyCondition)
      - @ConditionalOnBean (types: org.springdoc.core.configuration.SpringDocConfiguration; SearchStrategy: all) found bean 'org.springdoc.core.configuration.SpringDocConfiguration' (OnBeanCondition)

   SwaggerUiConfigProperties matched:
      - @ConditionalOnProperty (springdoc.swagger-ui.enabled) matched (OnPropertyCondition)
      - @ConditionalOnBean (types: org.springdoc.core.configuration.SpringDocConfiguration; SearchStrategy: all) found bean 'org.springdoc.core.configuration.SpringDocConfiguration' (OnBeanCondition)

   SwaggerUiOAuthProperties matched:
      - @ConditionalOnProperty (springdoc.swagger-ui.enabled) matched (OnPropertyCondition)
      - @ConditionalOnBean (types: org.springdoc.core.configuration.SpringDocConfiguration; SearchStrategy: all) found bean 'org.springdoc.core.configuration.SpringDocConfiguration' (OnBeanCondition)

   TaskExecutionAutoConfiguration matched:
      - @ConditionalOnClass found required class 'org.springframework.scheduling.concurrent.ThreadPoolTaskExecutor' (OnClassCondition)

   TaskExecutorConfigurations.SimpleAsyncTaskExecutorBuilderConfiguration#simpleAsyncTaskExecutorBuilder matched:
      - @ConditionalOnMissingBean (types: org.springframework.boot.task.SimpleAsyncTaskExecutorBuilder; SearchStrategy: all) did not find any beans (OnBeanCondition)
      - @ConditionalOnThreading found PLATFORM (OnThreadingCondition)

   TaskExecutorConfigurations.TaskExecutorBuilderConfiguration#taskExecutorBuilder matched:
      - @ConditionalOnMissingBean (types: org.springframework.boot.task.TaskExecutorBuilder; SearchStrategy: all) did not find any beans (OnBeanCondition)

   TaskExecutorConfigurations.ThreadPoolTaskExecutorBuilderConfiguration#threadPoolTaskExecutorBuilder matched:
      - @ConditionalOnMissingBean (types: org.springframework.boot.task.TaskExecutorBuilder,org.springframework.boot.task.ThreadPoolTaskExecutorBuilder; SearchStrategy: all) did not find any beans (OnBeanCondition)

   TaskSchedulingAutoConfiguration matched:
      - @ConditionalOnClass found required class 'org.springframework.scheduling.concurrent.ThreadPoolTaskScheduler' (OnClassCondition)

   TaskSchedulingAutoConfiguration#scheduledBeanLazyInitializationExcludeFilter matched:
      - @ConditionalOnBean (names: org.springframework.context.annotation.internalScheduledAnnotationProcessor; SearchStrategy: all) found bean 'org.springframework.context.annotation.internalScheduledAnnotationProcessor' (OnBeanCondition)

   TaskSchedulingConfigurations.SimpleAsyncTaskSchedulerBuilderConfiguration#simpleAsyncTaskSchedulerBuilder matched:
      - @ConditionalOnMissingBean (types: org.springframework.boot.task.SimpleAsyncTaskSchedulerBuilder; SearchStrategy: all) did not find any beans (OnBeanCondition)
      - @ConditionalOnThreading found PLATFORM (OnThreadingCondition)

   TaskSchedulingConfigurations.TaskSchedulerBuilderConfiguration#taskSchedulerBuilder matched:
      - @ConditionalOnMissingBean (types: org.springframework.boot.task.TaskSchedulerBuilder; SearchStrategy: all) did not find any beans (OnBeanCondition)

   TaskSchedulingConfigurations.TaskSchedulerConfiguration matched:
      - @ConditionalOnBean (names: org.springframework.context.annotation.internalScheduledAnnotationProcessor; SearchStrategy: all) found bean 'org.springframework.context.annotation.internalScheduledAnnotationProcessor'; @ConditionalOnMissingBean (types: org.springframework.scheduling.TaskScheduler,java.util.concurrent.ScheduledExecutorService; SearchStrategy: all) did not find any beans (OnBeanCondition)

   TaskSchedulingConfigurations.TaskSchedulerConfiguration#taskScheduler matched:
      - @ConditionalOnThreading found PLATFORM (OnThreadingCondition)

   TaskSchedulingConfigurations.ThreadPoolTaskSchedulerBuilderConfiguration#threadPoolTaskSchedulerBuilder matched:
      - @ConditionalOnMissingBean (types: org.springframework.boot.task.TaskSchedulerBuilder,org.springframework.boot.task.ThreadPoolTaskSchedulerBuilder; SearchStrategy: all) did not find any beans (OnBeanCondition)

   ThreadPoolBulkheadMetricsAutoConfiguration matched:
      - @ConditionalOnClass found required classes 'io.micrometer.core.instrument.MeterRegistry', 'io.github.resilience4j.bulkhead.ThreadPoolBulkhead', 'io.github.resilience4j.micrometer.tagged.TaggedThreadPoolBulkheadMetricsPublisher' (OnClassCondition)
      - @ConditionalOnProperty (resilience4j.thread-pool-bulkhead.metrics.enabled) matched (OnPropertyCondition)

   TimeLimiterAutoConfiguration matched:
      - @ConditionalOnClass found required class 'io.github.resilience4j.timelimiter.TimeLimiter' (OnClassCondition)

   TimeLimiterConfigurationOnMissingBean#timeLimiterEventsConsumerRegistry matched:
      - @ConditionalOnMissingBean (types: io.github.resilience4j.timelimiter.event.TimeLimiterEvent; SearchStrategy: all) did not find any beans (OnBeanCondition)

   TimeLimiterMetricsAutoConfiguration matched:
      - @ConditionalOnClass found required classes 'io.micrometer.core.instrument.MeterRegistry', 'io.github.resilience4j.timelimiter.TimeLimiter', 'io.github.resilience4j.micrometer.tagged.TaggedTimeLimiterMetricsPublisher' (OnClassCondition)
      - @ConditionalOnProperty (resilience4j.timelimiter.metrics.enabled) matched (OnPropertyCondition)

   TimerAutoConfiguration matched:
      - @ConditionalOnClass found required class 'io.github.resilience4j.micrometer.Timer' (OnClassCondition)

   TimerConfigurationOnMissingBean#timerEventsConsumerRegistry matched:
      - @ConditionalOnMissingBean (types: io.github.resilience4j.micrometer.event.TimerEvent; SearchStrategy: all) did not find any beans (OnBeanCondition)

   TransactionAutoConfiguration matched:
      - @ConditionalOnClass found required class 'org.springframework.transaction.PlatformTransactionManager' (OnClassCondition)

   TransactionAutoConfiguration.EnableTransactionManagementConfiguration matched:
      - @ConditionalOnBean (types: org.springframework.transaction.TransactionManager; SearchStrategy: all) found beans 'neo4jTransactionManager', 'transactionManager'; @ConditionalOnMissingBean (types: org.springframework.transaction.annotation.AbstractTransactionManagementConfiguration; SearchStrategy: all) did not find any beans (OnBeanCondition)

   TransactionAutoConfiguration.EnableTransactionManagementConfiguration.CglibAutoProxyConfiguration matched:
      - @ConditionalOnProperty (spring.aop.proxy-target-class=true) matched (OnPropertyCondition)

   TransactionAutoConfiguration.TransactionTemplateConfiguration matched:
      - @ConditionalOnSingleCandidate (types: org.springframework.transaction.PlatformTransactionManager; SearchStrategy: all) found a single primary bean 'transactionManager' from beans 'neo4jTransactionManager', 'transactionManager' (OnBeanCondition)

   TransactionAutoConfiguration.TransactionTemplateConfiguration#transactionTemplate matched:
      - @ConditionalOnMissingBean (types: org.springframework.transaction.support.TransactionOperations; SearchStrategy: all) did not find any beans (OnBeanCondition)

   TransactionManagerCustomizationAutoConfiguration matched:
      - @ConditionalOnClass found required class 'org.springframework.transaction.PlatformTransactionManager' (OnClassCondition)

   TransactionManagerCustomizationAutoConfiguration#platformTransactionManagerCustomizers matched:
      - @ConditionalOnMissingBean (types: org.springframework.boot.autoconfigure.transaction.TransactionManagerCustomizers; SearchStrategy: all) did not find any beans (OnBeanCondition)

   ValidationAutoConfiguration matched:
      - @ConditionalOnClass found required class 'jakarta.validation.executable.ExecutableValidator' (OnClassCondition)
      - @ConditionalOnResource found location classpath:META-INF/services/jakarta.validation.spi.ValidationProvider (OnResourceCondition)

   ValidationAutoConfiguration#defaultValidator matched:
      - @ConditionalOnMissingBean (types: jakarta.validation.Validator; SearchStrategy: all) did not find any beans (OnBeanCondition)

   ValidationAutoConfiguration#methodValidationPostProcessor matched:
      - @ConditionalOnMissingBean (types: org.springframework.validation.beanvalidation.MethodValidationPostProcessor; SearchStrategy: current) did not find any beans (OnBeanCondition)

   WebClientAutoConfiguration matched:
      - @ConditionalOnClass found required class 'org.springframework.web.reactive.function.client.WebClient' (OnClassCondition)

   WebClientAutoConfiguration#webClientBuilder matched:
      - @ConditionalOnMissingBean (types: org.springframework.web.reactive.function.client.WebClient$Builder; SearchStrategy: all) did not find any beans (OnBeanCondition)

   WebClientAutoConfiguration#webClientSsl matched:
      - @ConditionalOnBean (types: org.springframework.boot.ssl.SslBundles; SearchStrategy: all) found bean 'sslBundleRegistry'; @ConditionalOnMissingBean (types: org.springframework.boot.autoconfigure.web.reactive.function.client.WebClientSsl; SearchStrategy: all) did not find any beans (OnBeanCondition)

   WebClientAutoConfiguration.WebClientCodecsConfiguration matched:
      - @ConditionalOnBean (types: org.springframework.boot.web.codec.CodecCustomizer; SearchStrategy: all) found beans 'jacksonCodecCustomizer', 'defaultCodecCustomizer' (OnBeanCondition)

   WebClientAutoConfiguration.WebClientCodecsConfiguration#exchangeStrategiesCustomizer matched:
      - @ConditionalOnMissingBean (types: org.springframework.boot.autoconfigure.web.reactive.function.client.WebClientCodecCustomizer; SearchStrategy: all) did not find any beans (OnBeanCondition)

   WebMvcAutoConfiguration matched:
      - @ConditionalOnClass found required classes 'jakarta.servlet.Servlet', 'org.springframework.web.servlet.DispatcherServlet', 'org.springframework.web.servlet.config.annotation.WebMvcConfigurer' (OnClassCondition)
      - found 'session' scope (OnWebApplicationCondition)
      - @ConditionalOnMissingBean (types: org.springframework.web.servlet.config.annotation.WebMvcConfigurationSupport; SearchStrategy: all) did not find any beans (OnBeanCondition)

   WebMvcAutoConfiguration#formContentFilter matched:
      - @ConditionalOnProperty (spring.mvc.formcontent.filter.enabled) matched (OnPropertyCondition)
      - @ConditionalOnMissingBean (types: org.springframework.web.filter.FormContentFilter; SearchStrategy: all) did not find any beans (OnBeanCondition)

   WebMvcAutoConfiguration.EnableWebMvcConfiguration#flashMapManager matched:
      - @ConditionalOnMissingBean (names: flashMapManager; SearchStrategy: all) did not find any beans (OnBeanCondition)

   WebMvcAutoConfiguration.EnableWebMvcConfiguration#localeResolver matched:
      - @ConditionalOnMissingBean (names: localeResolver; SearchStrategy: all) did not find any beans (OnBeanCondition)

   WebMvcAutoConfiguration.EnableWebMvcConfiguration#themeResolver matched:
      - @ConditionalOnMissingBean (names: themeResolver; SearchStrategy: all) did not find any beans (OnBeanCondition)

   WebMvcAutoConfiguration.WebMvcAutoConfigurationAdapter#defaultViewResolver matched:
      - @ConditionalOnMissingBean (types: org.springframework.web.servlet.view.InternalResourceViewResolver; SearchStrategy: all) did not find any beans (OnBeanCondition)

   WebMvcAutoConfiguration.WebMvcAutoConfigurationAdapter#requestContextFilter matched:
      - @ConditionalOnMissingBean (types: org.springframework.web.context.request.RequestContextListener,org.springframework.web.filter.RequestContextFilter; SearchStrategy: all) did not find any beans (OnBeanCondition)

   WebMvcAutoConfiguration.WebMvcAutoConfigurationAdapter#viewResolver matched:
      - @ConditionalOnBean (types: org.springframework.web.servlet.ViewResolver; SearchStrategy: all) found beans 'defaultViewResolver', 'beanNameViewResolver', 'mvcViewResolver'; @ConditionalOnMissingBean (names: viewResolver types: org.springframework.web.servlet.view.ContentNegotiatingViewResolver; SearchStrategy: all) did not find any beans (OnBeanCondition)

   WebSocketServletAutoConfiguration matched:
      - @ConditionalOnClass found required classes 'jakarta.servlet.Servlet', 'jakarta.websocket.server.ServerContainer' (OnClassCondition)
      - found 'session' scope (OnWebApplicationCondition)

   WebSocketServletAutoConfiguration.TomcatWebSocketConfiguration matched:
      - @ConditionalOnClass found required classes 'org.apache.catalina.startup.Tomcat', 'org.apache.tomcat.websocket.server.WsSci' (OnClassCondition)

   WebSocketServletAutoConfiguration.TomcatWebSocketConfiguration#websocketServletWebServerCustomizer matched:
      - @ConditionalOnMissingBean (names: websocketServletWebServerCustomizer; SearchStrategy: all) did not find any beans (OnBeanCondition)


Negative matches:
-----------------

   ActiveMQAutoConfiguration:
      Did not match:
         - @ConditionalOnClass did not find required class 'jakarta.jms.ConnectionFactory' (OnClassCondition)

   AopAutoConfiguration.AspectJAutoProxyingConfiguration.JdkDynamicAutoProxyConfiguration:
      Did not match:
         - @ConditionalOnProperty (spring.aop.proxy-target-class=false) did not find property 'proxy-target-class' (OnPropertyCondition)

   AopAutoConfiguration.ClassProxyingConfiguration:
      Did not match:
         - @ConditionalOnMissingClass found unwanted class 'org.aspectj.weaver.Advice' (OnClassCondition)

   ArtemisAutoConfiguration:
      Did not match:
         - @ConditionalOnClass did not find required class 'jakarta.jms.ConnectionFactory' (OnClassCondition)

   BatchAutoConfiguration:
      Did not match:
         - @ConditionalOnClass did not find required class 'org.springframework.batch.core.launch.JobLauncher' (OnClassCondition)

   BulkheadAutoConfiguration.BulkheadEndpointAutoConfiguration:
      Did not match:
         - @ConditionalOnClass did not find required class 'org.springframework.boot.actuate.endpoint.annotation.Endpoint' (OnClassCondition)

   BulkheadMetricsAutoConfiguration#registerBulkheadMetrics:
      Did not match:
         - @ConditionalOnProperty (resilience4j.bulkhead.metrics.legacy.enabled=true) did not find property 'resilience4j.bulkhead.metrics.legacy.enabled' (OnPropertyCondition)

   BulkheadMetricsAutoConfiguration#taggedBulkheadMetricsPublisher:
      Did not match:
         - @ConditionalOnBean (types: io.micrometer.core.instrument.MeterRegistry; SearchStrategy: all) did not find any beans of type io.micrometer.core.instrument.MeterRegistry (OnBeanCondition)
      Matched:
         - @ConditionalOnProperty (resilience4j.bulkhead.metrics.legacy.enabled=false) matched (OnPropertyCondition)

   Cache2kCacheConfiguration:
      Did not match:
         - @ConditionalOnClass did not find required class 'org.cache2k.Cache2kBuilder' (OnClassCondition)

   CacheAutoConfiguration:
      Did not match:
         - @ConditionalOnBean (types: org.springframework.cache.interceptor.CacheAspectSupport; SearchStrategy: all) did not find any beans of type org.springframework.cache.interceptor.CacheAspectSupport (OnBeanCondition)
      Matched:
         - @ConditionalOnClass found required class 'org.springframework.cache.CacheManager' (OnClassCondition)

   CacheAutoConfiguration.CacheManagerEntityManagerFactoryDependsOnPostProcessor:
      Did not match:
         - Ancestor org.springframework.boot.autoconfigure.cache.CacheAutoConfiguration did not match (ConditionEvaluationReport.AncestorsMatchedCondition)
      Matched:
         - @ConditionalOnClass found required class 'org.springframework.orm.jpa.LocalContainerEntityManagerFactoryBean' (OnClassCondition)

   CaffeineCacheConfiguration:
      Did not match:
         - @ConditionalOnClass did not find required class 'com.github.benmanes.caffeine.cache.Caffeine' (OnClassCondition)

   CassandraAutoConfiguration:
      Did not match:
         - @ConditionalOnClass did not find required class 'com.datastax.oss.driver.api.core.CqlSession' (OnClassCondition)

   CassandraDataAutoConfiguration:
      Did not match:
         - @ConditionalOnClass did not find required class 'com.datastax.oss.driver.api.core.CqlSession' (OnClassCondition)

   CassandraReactiveDataAutoConfiguration:
      Did not match:
         - @ConditionalOnClass did not find required class 'com.datastax.oss.driver.api.core.CqlSession' (OnClassCondition)

   CassandraReactiveRepositoriesAutoConfiguration:
      Did not match:
         - @ConditionalOnClass did not find required class 'org.springframework.data.cassandra.ReactiveSession' (OnClassCondition)

   CassandraRepositoriesAutoConfiguration:
      Did not match:
         - @ConditionalOnClass did not find required class 'com.datastax.oss.driver.api.core.CqlSession' (OnClassCondition)

   CircuitBreakerAutoConfiguration.CircuitBreakerEndpointAutoConfiguration:
      Did not match:
         - @ConditionalOnClass did not find required class 'org.springframework.boot.actuate.endpoint.annotation.Endpoint' (OnClassCondition)

   CircuitBreakerMetricsAutoConfiguration#registerCircuitBreakerMetrics:
      Did not match:
         - @ConditionalOnProperty (resilience4j.circuitbreaker.metrics.legacy.enabled=true) did not find property 'resilience4j.circuitbreaker.metrics.legacy.enabled' (OnPropertyCondition)

   CircuitBreakerMetricsAutoConfiguration#taggedCircuitBreakerMetricsPublisher:
      Did not match:
         - @ConditionalOnBean (types: io.micrometer.core.instrument.MeterRegistry; SearchStrategy: all) did not find any beans of type io.micrometer.core.instrument.MeterRegistry (OnBeanCondition)
      Matched:
         - @ConditionalOnProperty (resilience4j.circuitbreaker.metrics.legacy.enabled=false) matched (OnPropertyCondition)

   CircuitBreakerStreamEventsAutoConfiguration:
      Did not match:
         - @ConditionalOnClass did not find required class 'io.github.resilience4j.reactor.adapter.ReactorAdapter' (OnClassCondition)

   CircuitBreakersHealthIndicatorAutoConfiguration:
      Did not match:
         - @ConditionalOnClass did not find required class 'org.springframework.boot.actuate.health.HealthIndicator' (OnClassCondition)

   ClientHttpConnectorFactoryConfiguration.HttpClient5:
      Did not match:
         - @ConditionalOnClass did not find required classes 'org.apache.hc.client5.http.impl.async.HttpAsyncClients', 'org.apache.hc.core5.http.nio.AsyncRequestProducer', 'org.apache.hc.core5.reactive.ReactiveResponseConsumer' (OnClassCondition)

   ClientHttpConnectorFactoryConfiguration.JdkClient:
      Did not match:
         - @ConditionalOnMissingBean (types: org.springframework.boot.autoconfigure.web.reactive.function.client.ClientHttpConnectorFactory; SearchStrategy: all) found beans of type 'org.springframework.boot.autoconfigure.web.reactive.function.client.ClientHttpConnectorFactory' reactorClientHttpConnectorFactory (OnBeanCondition)
      Matched:
         - @ConditionalOnClass found required class 'java.net.http.HttpClient' (OnClassCondition)

   ContextAwareScheduledThreadPoolAutoConfiguration:
      Did not match:
         - @ConditionalOnProperty (resilience4j.scheduled.executor.core-pool-size) did not find property 'resilience4j.scheduled.executor.core-pool-size' (OnPropertyCondition)

   CouchbaseAutoConfiguration:
      Did not match:
         - @ConditionalOnClass did not find required class 'com.couchbase.client.java.Cluster' (OnClassCondition)

   CouchbaseCacheConfiguration:
      Did not match:
         - @ConditionalOnClass did not find required class 'com.couchbase.client.java.Cluster' (OnClassCondition)

   CouchbaseDataAutoConfiguration:
      Did not match:
         - @ConditionalOnClass did not find required class 'com.couchbase.client.java.Bucket' (OnClassCondition)

   CouchbaseReactiveDataAutoConfiguration:
      Did not match:
         - @ConditionalOnClass did not find required class 'com.couchbase.client.java.Cluster' (OnClassCondition)

   CouchbaseReactiveRepositoriesAutoConfiguration:
      Did not match:
         - @ConditionalOnClass did not find required class 'com.couchbase.client.java.Cluster' (OnClassCondition)

   CouchbaseRepositoriesAutoConfiguration:
      Did not match:
         - @ConditionalOnClass did not find required class 'com.couchbase.client.java.Bucket' (OnClassCondition)

   DataSourceAutoConfiguration.EmbeddedDatabaseConfiguration:
      Did not match:
         - EmbeddedDataSource spring.datasource.url is set (DataSourceAutoConfiguration.EmbeddedDatabaseCondition)

   DataSourceCheckpointRestoreConfiguration:
      Did not match:
         - @ConditionalOnClass did not find required class 'org.crac.Resource' (OnClassCondition)

   DataSourceConfiguration.Dbcp2:
      Did not match:
         - @ConditionalOnClass did not find required class 'org.apache.commons.dbcp2.BasicDataSource' (OnClassCondition)

   DataSourceConfiguration.Generic:
      Did not match:
         - @ConditionalOnProperty (spring.datasource.type) did not find property 'spring.datasource.type' (OnPropertyCondition)

   DataSourceConfiguration.OracleUcp:
      Did not match:
         - @ConditionalOnClass did not find required classes 'oracle.ucp.jdbc.PoolDataSourceImpl', 'oracle.jdbc.OracleConnection' (OnClassCondition)

   DataSourceConfiguration.Tomcat:
      Did not match:
         - @ConditionalOnClass did not find required class 'org.apache.tomcat.jdbc.pool.DataSource' (OnClassCondition)

   DataSourceJmxConfiguration.TomcatDataSourceJmxConfiguration:
      Did not match:
         - @ConditionalOnClass did not find required class 'org.apache.tomcat.jdbc.pool.DataSourceProxy' (OnClassCondition)

   DataSourcePoolMetadataProvidersConfiguration.CommonsDbcp2PoolDataSourceMetadataProviderConfiguration:
      Did not match:
         - @ConditionalOnClass did not find required class 'org.apache.commons.dbcp2.BasicDataSource' (OnClassCondition)

   DataSourcePoolMetadataProvidersConfiguration.OracleUcpPoolDataSourceMetadataProviderConfiguration:
      Did not match:
         - @ConditionalOnClass did not find required classes 'oracle.ucp.jdbc.PoolDataSource', 'oracle.jdbc.OracleConnection' (OnClassCondition)

   DataSourcePoolMetadataProvidersConfiguration.TomcatDataSourcePoolMetadataProviderConfiguration:
      Did not match:
         - @ConditionalOnClass did not find required class 'org.apache.tomcat.jdbc.pool.DataSource' (OnClassCondition)

   DataSourceTransactionManagerAutoConfiguration.JdbcTransactionManagerConfiguration#transactionManager:
      Did not match:
         - @ConditionalOnMissingBean (types: org.springframework.transaction.TransactionManager; SearchStrategy: all) found beans of type 'org.springframework.transaction.TransactionManager' neo4jTransactionManager, transactionManager (OnBeanCondition)

   DispatcherServletAutoConfiguration.DispatcherServletConfiguration#multipartResolver:
      Did not match:
         - @ConditionalOnBean (types: org.springframework.web.multipart.MultipartResolver; SearchStrategy: all) did not find any beans of type org.springframework.web.multipart.MultipartResolver (OnBeanCondition)

   ElasticsearchClientAutoConfiguration:
      Did not match:
         - @ConditionalOnClass did not find required class 'co.elastic.clients.elasticsearch.ElasticsearchClient' (OnClassCondition)

   ElasticsearchDataAutoConfiguration:
      Did not match:
         - @ConditionalOnClass did not find required class 'org.springframework.data.elasticsearch.client.elc.ElasticsearchTemplate' (OnClassCondition)

   ElasticsearchRepositoriesAutoConfiguration:
      Did not match:
         - @ConditionalOnClass did not find required class 'org.springframework.data.elasticsearch.repository.ElasticsearchRepository' (OnClassCondition)

   ElasticsearchRestClientAutoConfiguration:
      Did not match:
         - @ConditionalOnClass did not find required class 'org.elasticsearch.client.RestClientBuilder' (OnClassCondition)

   EmbeddedLdapAutoConfiguration:
      Did not match:
         - @ConditionalOnClass did not find required class 'com.unboundid.ldap.listener.InMemoryDirectoryServer' (OnClassCondition)

   EmbeddedWebServerFactoryCustomizerAutoConfiguration.JettyWebServerFactoryCustomizerConfiguration:
      Did not match:
         - @ConditionalOnClass did not find required classes 'org.eclipse.jetty.server.Server', 'org.eclipse.jetty.util.Loader', 'org.eclipse.jetty.ee10.webapp.WebAppContext' (OnClassCondition)

   EmbeddedWebServerFactoryCustomizerAutoConfiguration.TomcatWebServerFactoryCustomizerConfiguration#tomcatVirtualThreadsProtocolHandlerCustomizer:
      Did not match:
         - @ConditionalOnThreading did not find VIRTUAL (OnThreadingCondition)

   EmbeddedWebServerFactoryCustomizerAutoConfiguration.UndertowWebServerFactoryCustomizerConfiguration:
      Did not match:
         - @ConditionalOnClass did not find required classes 'io.undertow.Undertow', 'org.xnio.SslClientAuthMode' (OnClassCondition)

   ErrorWebFluxAutoConfiguration:
      Did not match:
         - not a reactive web application (OnWebApplicationCondition)
      Matched:
         - @ConditionalOnClass found required class 'org.springframework.web.reactive.config.WebFluxConfigurer' (OnClassCondition)

   FlywayAutoConfiguration.FlywayConfiguration#oracleFlywayConfigurationCustomizer:
      Did not match:
         - @ConditionalOnClass did not find required class 'org.flywaydb.database.oracle.OracleConfigurationExtension' (OnClassCondition)

   FlywayAutoConfiguration.FlywayConfiguration#sqlServerFlywayConfigurationCustomizer:
      Did not match:
         - @ConditionalOnClass did not find required class 'org.flywaydb.database.sqlserver.SQLServerConfigurationExtension' (OnClassCondition)

   FreeMarkerAutoConfiguration:
      Did not match:
         - @ConditionalOnClass did not find required class 'freemarker.template.Configuration' (OnClassCondition)

   GraphQlAutoConfiguration:
      Did not match:
         - @ConditionalOnClass did not find required class 'graphql.GraphQL' (OnClassCondition)

   GraphQlQueryByExampleAutoConfiguration:
      Did not match:
         - @ConditionalOnClass did not find required class 'graphql.GraphQL' (OnClassCondition)

   GraphQlQuerydslAutoConfiguration:
      Did not match:
         - @ConditionalOnClass did not find required class 'com.querydsl.core.Query' (OnClassCondition)

   GraphQlRSocketAutoConfiguration:
      Did not match:
         - @ConditionalOnClass did not find required class 'graphql.GraphQL' (OnClassCondition)

   GraphQlReactiveQueryByExampleAutoConfiguration:
      Did not match:
         - @ConditionalOnClass did not find required class 'graphql.GraphQL' (OnClassCondition)

   GraphQlReactiveQuerydslAutoConfiguration:
      Did not match:
         - @ConditionalOnClass did not find required class 'com.querydsl.core.Query' (OnClassCondition)

   GraphQlWebFluxAutoConfiguration:
      Did not match:
         - @ConditionalOnClass did not find required class 'graphql.GraphQL' (OnClassCondition)

   GraphQlWebFluxSecurityAutoConfiguration:
      Did not match:
         - @ConditionalOnClass did not find required class 'graphql.GraphQL' (OnClassCondition)

   GraphQlWebMvcAutoConfiguration:
      Did not match:
         - @ConditionalOnClass did not find required class 'graphql.GraphQL' (OnClassCondition)

   GraphQlWebMvcSecurityAutoConfiguration:
      Did not match:
         - @ConditionalOnClass did not find required class 'graphql.GraphQL' (OnClassCondition)

   GroovyTemplateAutoConfiguration:
      Did not match:
         - @ConditionalOnClass did not find required class 'groovy.text.markup.MarkupTemplateEngine' (OnClassCondition)

   GsonHttpMessageConvertersConfiguration.GsonHttpMessageConverterConfiguration:
      Did not match:
         - AnyNestedCondition 0 matched 2 did not; NestedCondition on GsonHttpMessageConvertersConfiguration.PreferGsonOrJacksonAndJsonbUnavailableCondition.JacksonJsonbUnavailable NoneNestedConditions 1 matched 1 did not; NestedCondition on GsonHttpMessageConvertersConfiguration.JacksonAndJsonbUnavailableCondition.JsonbPreferred @ConditionalOnProperty (spring.mvc.converters.preferred-json-mapper=jsonb) did not find property 'spring.mvc.converters.preferred-json-mapper'; NestedCondition on GsonHttpMessageConvertersConfiguration.JacksonAndJsonbUnavailableCondition.JacksonAvailable @ConditionalOnBean (types: org.springframework.http.converter.json.MappingJackson2HttpMessageConverter; SearchStrategy: all) found bean 'mappingJackson2HttpMessageConverter'; NestedCondition on GsonHttpMessageConvertersConfiguration.PreferGsonOrJacksonAndJsonbUnavailableCondition.GsonPreferred @ConditionalOnProperty (spring.mvc.converters.preferred-json-mapper=gson) did not find property 'spring.mvc.converters.preferred-json-mapper' (GsonHttpMessageConvertersConfiguration.PreferGsonOrJacksonAndJsonbUnavailableCondition)

   H2ConsoleAutoConfiguration:
      Did not match:
         - @ConditionalOnClass did not find required class 'org.h2.server.web.JakartaWebServlet' (OnClassCondition)

   HazelcastAutoConfiguration:
      Did not match:
         - @ConditionalOnClass did not find required class 'com.hazelcast.core.HazelcastInstance' (OnClassCondition)

   HazelcastCacheConfiguration:
      Did not match:
         - @ConditionalOnClass did not find required class 'com.hazelcast.core.HazelcastInstance' (OnClassCondition)

   HazelcastJpaDependencyAutoConfiguration:
      Did not match:
         - @ConditionalOnClass did not find required class 'com.hazelcast.core.HazelcastInstance' (OnClassCondition)

   HttpHandlerAutoConfiguration:
      Did not match:
         - not a reactive web application (OnWebApplicationCondition)
      Matched:
         - @ConditionalOnClass found required classes 'org.springframework.web.reactive.DispatcherHandler', 'org.springframework.http.server.reactive.HttpHandler' (OnClassCondition)

   HypermediaAutoConfiguration:
      Did not match:
         - @ConditionalOnClass did not find required class 'org.springframework.hateoas.EntityModel' (OnClassCondition)

   InfinispanCacheConfiguration:
      Did not match:
         - @ConditionalOnClass did not find required class 'org.infinispan.spring.embedded.provider.SpringEmbeddedCacheManager' (OnClassCondition)

   InfluxDbAutoConfiguration:
      Did not match:
         - @ConditionalOnClass did not find required class 'org.influxdb.InfluxDB' (OnClassCondition)

   IntegrationAutoConfiguration:
      Did not match:
         - @ConditionalOnClass did not find required class 'org.springframework.integration.config.EnableIntegration' (OnClassCondition)

   JCacheCacheConfiguration:
      Did not match:
         - @ConditionalOnClass did not find required class 'javax.cache.Caching' (OnClassCondition)

   JacksonHttpMessageConvertersConfiguration.MappingJackson2XmlHttpMessageConverterConfiguration:
      Did not match:
         - @ConditionalOnClass did not find required class 'com.fasterxml.jackson.dataformat.xml.XmlMapper' (OnClassCondition)

   JdbcRepositoriesAutoConfiguration:
      Did not match:
         - @ConditionalOnClass did not find required class 'org.springframework.data.jdbc.repository.config.AbstractJdbcConfiguration' (OnClassCondition)

   JedisConnectionConfiguration:
      Did not match:
         - @ConditionalOnClass did not find required classes 'org.apache.commons.pool2.impl.GenericObjectPool', 'redis.clients.jedis.Jedis' (OnClassCondition)

   JerseyAutoConfiguration:
      Did not match:
         - @ConditionalOnClass did not find required class 'org.glassfish.jersey.server.spring.SpringComponentProvider' (OnClassCondition)

   JmsAutoConfiguration:
      Did not match:
         - @ConditionalOnClass did not find required class 'jakarta.jms.Message' (OnClassCondition)

   JmxAutoConfiguration:
      Did not match:
         - @ConditionalOnProperty (spring.jmx.enabled=true) did not find property 'enabled' (OnPropertyCondition)
      Matched:
         - @ConditionalOnClass found required class 'org.springframework.jmx.export.MBeanExporter' (OnClassCondition)

   JndiConnectionFactoryAutoConfiguration:
      Did not match:
         - @ConditionalOnClass did not find required class 'org.springframework.jms.core.JmsTemplate' (OnClassCondition)

   JndiDataSourceAutoConfiguration:
      Did not match:
         - @ConditionalOnProperty (spring.datasource.jndi-name) did not find property 'jndi-name' (OnPropertyCondition)
      Matched:
         - @ConditionalOnClass found required classes 'javax.sql.DataSource', 'org.springframework.jdbc.datasource.embedded.EmbeddedDatabaseType' (OnClassCondition)

   JndiJtaConfiguration:
      Did not match:
         - @ConditionalOnJndi JNDI environment is not available (OnJndiCondition)
      Matched:
         - @ConditionalOnClass found required class 'org.springframework.transaction.jta.JtaTransactionManager' (OnClassCondition)

   JooqAutoConfiguration:
      Did not match:
         - @ConditionalOnClass did not find required class 'org.jooq.DSLContext' (OnClassCondition)

   JpaBaseConfiguration#transactionManager:
      Did not match:
         - @ConditionalOnMissingBean (types: org.springframework.transaction.TransactionManager; SearchStrategy: all) found beans of type 'org.springframework.transaction.TransactionManager' neo4jTransactionManager, transactionManager (OnBeanCondition)

   JpaBaseConfiguration.JpaWebConfiguration:
      Did not match:
         - @ConditionalOnProperty (spring.jpa.open-in-view=true) found different value in property 'open-in-view' (OnPropertyCondition)
      Matched:
         - @ConditionalOnClass found required class 'org.springframework.web.servlet.config.annotation.WebMvcConfigurer' (OnClassCondition)
         - found 'session' scope (OnWebApplicationCondition)

   JsonbAutoConfiguration:
      Did not match:
         - @ConditionalOnClass did not find required class 'jakarta.json.bind.Jsonb' (OnClassCondition)

   JsonbHttpMessageConvertersConfiguration:
      Did not match:
         - @ConditionalOnClass did not find required class 'jakarta.json.bind.Jsonb' (OnClassCondition)

   KafkaAutoConfiguration:
      Did not match:
         - @ConditionalOnClass did not find required class 'org.springframework.kafka.core.KafkaTemplate' (OnClassCondition)

   LdapAutoConfiguration:
      Did not match:
         - @ConditionalOnClass did not find required class 'org.springframework.ldap.core.ContextSource' (OnClassCondition)

   LdapRepositoriesAutoConfiguration:
      Did not match:
         - @ConditionalOnClass did not find required class 'org.springframework.data.ldap.repository.LdapRepository' (OnClassCondition)

   LettuceConnectionConfiguration#redisConnectionFactoryVirtualThreads:
      Did not match:
         - @ConditionalOnMissingBean (types: org.springframework.data.redis.connection.RedisConnectionFactory; SearchStrategy: all) found beans of type 'org.springframework.data.redis.connection.RedisConnectionFactory' redisConnectionFactory (OnBeanCondition)

   LiquibaseAutoConfiguration:
      Did not match:
         - @ConditionalOnClass did not find required class 'liquibase.change.DatabaseChange' (OnClassCondition)

   MailSenderAutoConfiguration:
      Did not match:
         - AnyNestedCondition 0 matched 2 did not; NestedCondition on MailSenderAutoConfiguration.MailSenderCondition.JndiNameProperty @ConditionalOnProperty (spring.mail.jndi-name) did not find property 'jndi-name'; NestedCondition on MailSenderAutoConfiguration.MailSenderCondition.HostProperty @ConditionalOnProperty (spring.mail.host) did not find property 'host' (MailSenderAutoConfiguration.MailSenderCondition)
      Matched:
         - @ConditionalOnClass found required classes 'jakarta.mail.internet.MimeMessage', 'jakarta.activation.MimeType', 'org.springframework.mail.MailSender' (OnClassCondition)

   MailSenderValidatorAutoConfiguration:
      Did not match:
         - @ConditionalOnProperty (spring.mail.test-connection) did not find property 'test-connection' (OnPropertyCondition)

   MessageSourceAutoConfiguration:
      Did not match:
         - ResourceBundle did not find bundle with basename messages (MessageSourceAutoConfiguration.ResourceBundleCondition)

   MongoAutoConfiguration:
      Did not match:
         - @ConditionalOnClass did not find required class 'com.mongodb.client.MongoClient' (OnClassCondition)

   MongoDataAutoConfiguration:
      Did not match:
         - @ConditionalOnClass did not find required class 'com.mongodb.client.MongoClient' (OnClassCondition)

   MongoReactiveAutoConfiguration:
      Did not match:
         - @ConditionalOnClass did not find required class 'com.mongodb.reactivestreams.client.MongoClient' (OnClassCondition)

   MongoReactiveDataAutoConfiguration:
      Did not match:
         - @ConditionalOnClass did not find required class 'com.mongodb.reactivestreams.client.MongoClient' (OnClassCondition)

   MongoReactiveRepositoriesAutoConfiguration:
      Did not match:
         - @ConditionalOnClass did not find required class 'com.mongodb.reactivestreams.client.MongoClient' (OnClassCondition)

   MongoRepositoriesAutoConfiguration:
      Did not match:
         - @ConditionalOnClass did not find required class 'com.mongodb.client.MongoClient' (OnClassCondition)

   MultipleOpenApiSupportConfiguration:
      Did not match:
         - AnyNestedCondition 0 matched 2 did not; NestedCondition on MultipleOpenApiSupportCondition.OnActuatorDifferentPort @ConditionalOnProperty (springdoc.show-actuator) did not find property 'springdoc.show-actuator'; NestedCondition on MultipleOpenApiSupportCondition.OnMultipleOpenApiSupportCondition AnyNestedCondition 0 matched 2 did not; NestedCondition on MultipleOpenApiGroupsCondition.OnGroupConfigProperty @ConditionalOnProperty (springdoc.group-configs[0].group) did not find property 'springdoc.group-configs[0].group'; NestedCondition on MultipleOpenApiGroupsCondition.OnGroupedOpenApiBean @ConditionalOnBean (types: org.springdoc.core.models.GroupedOpenApi; SearchStrategy: all) did not find any beans of type org.springdoc.core.models.GroupedOpenApi (MultipleOpenApiSupportCondition)
      Matched:
         - found 'session' scope (OnWebApplicationCondition)
         - @ConditionalOnProperty (springdoc.api-docs.enabled) matched (OnPropertyCondition)

   MultipleOpenApiSupportConfiguration.SpringDocWebMvcActuatorDifferentConfiguration:
      Did not match:
         - @ConditionalOnClass did not find required class 'org.springframework.boot.actuate.endpoint.web.servlet.WebMvcEndpointHandlerMapping' (OnClassCondition)
         - Ancestor org.springdoc.webmvc.core.configuration.MultipleOpenApiSupportConfiguration did not match (ConditionEvaluationReport.AncestorsMatchedCondition)

   MustacheAutoConfiguration:
      Did not match:
         - @ConditionalOnClass did not find required class 'com.samskivert.mustache.Mustache' (OnClassCondition)

   Neo4jDataAutoConfiguration#transactionManager:
      Did not match:
         - @ConditionalOnMissingBean (types: org.springframework.transaction.TransactionManager; SearchStrategy: all) found beans of type 'org.springframework.transaction.TransactionManager' neo4jTransactionManager, transactionManager (OnBeanCondition)

   OAuth2AuthorizationServerAutoConfiguration:
      Did not match:
         - @ConditionalOnClass did not find required class 'org.springframework.security.oauth2.server.authorization.OAuth2Authorization' (OnClassCondition)

   OAuth2AuthorizationServerJwtAutoConfiguration:
      Did not match:
         - @ConditionalOnClass did not find required class 'org.springframework.security.oauth2.server.authorization.OAuth2Authorization' (OnClassCondition)

   OAuth2ClientAutoConfiguration:
      Did not match:
         - @ConditionalOnClass did not find required class 'org.springframework.security.oauth2.client.registration.ClientRegistration' (OnClassCondition)

   OAuth2ResourceServerAutoConfiguration:
      Did not match:
         - @ConditionalOnClass did not find required class 'org.springframework.security.oauth2.server.resource.authentication.BearerTokenAuthenticationToken' (OnClassCondition)

   ProjectInfoAutoConfiguration#buildProperties:
      Did not match:
         - @ConditionalOnResource did not find resource '${spring.info.build.location:classpath:META-INF/build-info.properties}' (OnResourceCondition)

   ProjectInfoAutoConfiguration#gitProperties:
      Did not match:
         - GitResource did not find git info at classpath:git.properties (ProjectInfoAutoConfiguration.GitResourceAvailableCondition)

   PulsarAutoConfiguration:
      Did not match:
         - @ConditionalOnClass did not find required class 'org.apache.pulsar.client.api.PulsarClient' (OnClassCondition)

   PulsarReactiveAutoConfiguration:
      Did not match:
         - @ConditionalOnClass did not find required class 'org.apache.pulsar.client.api.PulsarClient' (OnClassCondition)

   QuartzAutoConfiguration:
      Did not match:
         - @ConditionalOnClass did not find required class 'org.quartz.Scheduler' (OnClassCondition)

   R2dbcAutoConfiguration:
      Did not match:
         - @ConditionalOnClass did not find required class 'io.r2dbc.spi.ConnectionFactory' (OnClassCondition)

   R2dbcDataAutoConfiguration:
      Did not match:
         - @ConditionalOnClass did not find required class 'org.springframework.data.r2dbc.core.R2dbcEntityTemplate' (OnClassCondition)

   R2dbcInitializationConfiguration:
      Did not match:
         - @ConditionalOnClass did not find required classes 'io.r2dbc.spi.ConnectionFactory', 'org.springframework.r2dbc.connection.init.DatabasePopulator' (OnClassCondition)

   R2dbcRepositoriesAutoConfiguration:
      Did not match:
         - @ConditionalOnClass did not find required class 'io.r2dbc.spi.ConnectionFactory' (OnClassCondition)

   R2dbcTransactionManagerAutoConfiguration:
      Did not match:
         - @ConditionalOnClass did not find required class 'org.springframework.r2dbc.connection.R2dbcTransactionManager' (OnClassCondition)

   RSocketGraphQlClientAutoConfiguration:
      Did not match:
         - @ConditionalOnClass did not find required class 'graphql.GraphQL' (OnClassCondition)

   RSocketMessagingAutoConfiguration:
      Did not match:
         - @ConditionalOnClass did not find required class 'io.rsocket.RSocket' (OnClassCondition)

   RSocketRequesterAutoConfiguration:
      Did not match:
         - @ConditionalOnClass did not find required class 'io.rsocket.RSocket' (OnClassCondition)

   RSocketSecurityAutoConfiguration:
      Did not match:
         - @ConditionalOnClass did not find required class 'org.springframework.security.rsocket.core.SecuritySocketAcceptorInterceptor' (OnClassCondition)

   RSocketServerAutoConfiguration:
      Did not match:
         - @ConditionalOnClass did not find required class 'io.rsocket.core.RSocketServer' (OnClassCondition)

   RSocketStrategiesAutoConfiguration:
      Did not match:
         - @ConditionalOnClass did not find required class 'io.rsocket.RSocket' (OnClassCondition)

   RabbitAutoConfiguration:
      Did not match:
         - @ConditionalOnClass did not find required class 'com.rabbitmq.client.Channel' (OnClassCondition)

   RateLimiterAutoConfiguration.RateLimiterEndpointAutoConfiguration:
      Did not match:
         - @ConditionalOnClass did not find required class 'org.springframework.boot.actuate.endpoint.annotation.Endpoint' (OnClassCondition)

   RateLimiterMetricsAutoConfiguration#registerRateLimiterMetrics:
      Did not match:
         - @ConditionalOnProperty (resilience4j.ratelimiter.metrics.legacy.enabled=true) did not find property 'resilience4j.ratelimiter.metrics.legacy.enabled' (OnPropertyCondition)

   RateLimiterMetricsAutoConfiguration#taggedRateLimiterMetricsPublisher:
      Did not match:
         - @ConditionalOnBean (types: io.micrometer.core.instrument.MeterRegistry; SearchStrategy: all) did not find any beans of type io.micrometer.core.instrument.MeterRegistry (OnBeanCondition)
      Matched:
         - @ConditionalOnProperty (resilience4j.ratelimiter.metrics.legacy.enabled=false) matched (OnPropertyCondition)

   RateLimitersHealthIndicatorAutoConfiguration:
      Did not match:
         - @ConditionalOnClass did not find required class 'org.springframework.boot.actuate.health.HealthIndicator' (OnClassCondition)

   ReactiveElasticsearchClientAutoConfiguration:
      Did not match:
         - @ConditionalOnClass did not find required class 'co.elastic.clients.transport.ElasticsearchTransport' (OnClassCondition)

   ReactiveElasticsearchRepositoriesAutoConfiguration:
      Did not match:
         - @ConditionalOnClass did not find required class 'org.springframework.data.elasticsearch.client.elc.ReactiveElasticsearchClient' (OnClassCondition)

   ReactiveMultipartAutoConfiguration:
      Did not match:
         - not a reactive web application (OnWebApplicationCondition)
      Matched:
         - @ConditionalOnClass found required classes 'org.springframework.http.codec.multipart.DefaultPartHttpMessageReader', 'org.springframework.web.reactive.config.WebFluxConfigurer' (OnClassCondition)

   ReactiveOAuth2ClientAutoConfiguration:
      Did not match:
         - @ConditionalOnClass did not find required class 'org.springframework.security.oauth2.client.registration.ClientRegistration' (OnClassCondition)

   ReactiveOAuth2ResourceServerAutoConfiguration:
      Did not match:
         - not a reactive web application (OnWebApplicationCondition)
      Matched:
         - @ConditionalOnClass found required class 'org.springframework.security.config.annotation.web.reactive.EnableWebFluxSecurity' (OnClassCondition)

   ReactiveSecurityAutoConfiguration.SpringBootWebFluxSecurityConfiguration:
      Did not match:
         - not a reactive web application (OnWebApplicationCondition)

   ReactiveUserDetailsServiceAutoConfiguration:
      Did not match:
         - AnyNestedCondition 0 matched 2 did not; NestedCondition on ReactiveUserDetailsServiceAutoConfiguration.RSocketEnabledOrReactiveWebApplication.ReactiveWebApplicationCondition not a reactive web application; NestedCondition on ReactiveUserDetailsServiceAutoConfiguration.RSocketEnabledOrReactiveWebApplication.RSocketSecurityEnabledCondition @ConditionalOnBean (types: org.springframework.messaging.rsocket.annotation.support.RSocketMessageHandler; SearchStrategy: all) did not find any beans of type org.springframework.messaging.rsocket.annotation.support.RSocketMessageHandler (ReactiveUserDetailsServiceAutoConfiguration.RSocketEnabledOrReactiveWebApplication)
      Matched:
         - @ConditionalOnClass found required class 'org.springframework.security.authentication.ReactiveAuthenticationManager' (OnClassCondition)
         - AnyNestedCondition 1 matched 2 did not; NestedCondition on ReactiveUserDetailsServiceAutoConfiguration.MissingAlternativeOrUserPropertiesConfigured.PasswordConfigured @ConditionalOnProperty (spring.security.user.password) did not find property 'password'; NestedCondition on ReactiveUserDetailsServiceAutoConfiguration.MissingAlternativeOrUserPropertiesConfigured.NameConfigured @ConditionalOnProperty (spring.security.user.name) did not find property 'name'; NestedCondition on ReactiveUserDetailsServiceAutoConfiguration.MissingAlternativeOrUserPropertiesConfigured.MissingAlternative @ConditionalOnMissingClass did not find unwanted classes 'org.springframework.security.oauth2.client.registration.ClientRegistrationRepository', 'org.springframework.security.oauth2.server.resource.introspection.ReactiveOpaqueTokenIntrospector' (ReactiveUserDetailsServiceAutoConfiguration.MissingAlternativeOrUserPropertiesConfigured)

   ReactiveWebServerFactoryAutoConfiguration:
      Did not match:
         - not a reactive web application (OnWebApplicationCondition)
      Matched:
         - @ConditionalOnClass found required class 'org.springframework.http.ReactiveHttpInputMessage' (OnClassCondition)

   RedisAutoConfiguration#redisTemplate:
      Did not match:
         - @ConditionalOnMissingBean (names: redisTemplate; SearchStrategy: all) found beans named redisTemplate (OnBeanCondition)

   RepositoryRestMvcAutoConfiguration:
      Did not match:
         - @ConditionalOnClass did not find required class 'org.springframework.data.rest.webmvc.config.RepositoryRestMvcConfiguration' (OnClassCondition)

   RetryAutoConfiguration.RetryAutoEndpointConfiguration:
      Did not match:
         - @ConditionalOnClass did not find required class 'org.springframework.boot.actuate.endpoint.annotation.Endpoint' (OnClassCondition)

   RetryMetricsAutoConfiguration#registerRetryMetrics:
      Did not match:
         - @ConditionalOnProperty (resilience4j.retry.metrics.legacy.enabled=true) did not find property 'resilience4j.retry.metrics.legacy.enabled' (OnPropertyCondition)

   RetryMetricsAutoConfiguration#taggedRetryMetricsPublisher:
      Did not match:
         - @ConditionalOnBean (types: io.micrometer.core.instrument.MeterRegistry; SearchStrategy: all) did not find any beans of type io.micrometer.core.instrument.MeterRegistry (OnBeanCondition)
      Matched:
         - @ConditionalOnProperty (resilience4j.retry.metrics.legacy.enabled=false) matched (OnPropertyCondition)

   Saml2RelyingPartyAutoConfiguration:
      Did not match:
         - @ConditionalOnClass did not find required class 'org.springframework.security.saml2.provider.service.registration.RelyingPartyRegistrationRepository' (OnClassCondition)

   SecurityDataConfiguration:
      Did not match:
         - @ConditionalOnClass did not find required class 'org.springframework.security.data.repository.query.SecurityEvaluationContextExtension' (OnClassCondition)

   SendGridAutoConfiguration:
      Did not match:
         - @ConditionalOnClass did not find required class 'com.sendgrid.SendGrid' (OnClassCondition)

   ServletWebServerFactoryAutoConfiguration.ForwardedHeaderFilterConfiguration:
      Did not match:
         - @ConditionalOnProperty (server.forward-headers-strategy=framework) did not find property 'server.forward-headers-strategy' (OnPropertyCondition)

   ServletWebServerFactoryConfiguration.EmbeddedJetty:
      Did not match:
         - @ConditionalOnClass did not find required classes 'org.eclipse.jetty.server.Server', 'org.eclipse.jetty.util.Loader', 'org.eclipse.jetty.ee10.webapp.WebAppContext' (OnClassCondition)

   ServletWebServerFactoryConfiguration.EmbeddedUndertow:
      Did not match:
         - @ConditionalOnClass did not find required classes 'io.undertow.Undertow', 'org.xnio.SslClientAuthMode' (OnClassCondition)

   SessionAutoConfiguration:
      Did not match:
         - @ConditionalOnClass did not find required class 'org.springframework.session.Session' (OnClassCondition)

   SpringApplicationAdminJmxAutoConfiguration:
      Did not match:
         - @ConditionalOnProperty (spring.application.admin.enabled=true) did not find property 'enabled' (OnPropertyCondition)

   SpringBootWebSecurityConfiguration.SecurityFilterChainConfiguration:
      Did not match:
         - AllNestedConditions 1 matched 1 did not; NestedCondition on DefaultWebSecurityCondition.Beans @ConditionalOnMissingBean (types: org.springframework.security.web.SecurityFilterChain; SearchStrategy: all) found beans of type 'org.springframework.security.web.SecurityFilterChain' securityFilterChain; NestedCondition on DefaultWebSecurityCondition.Classes @ConditionalOnClass found required classes 'org.springframework.security.web.SecurityFilterChain', 'org.springframework.security.config.annotation.web.builders.HttpSecurity' (DefaultWebSecurityCondition)

   SpringBootWebSecurityConfiguration.WebSecurityEnablerConfiguration:
      Did not match:
         - @ConditionalOnMissingBean (names: springSecurityFilterChain; SearchStrategy: all) found beans named springSecurityFilterChain (OnBeanCondition)
      Matched:
         - @ConditionalOnClass found required class 'org.springframework.security.config.annotation.web.configuration.EnableWebSecurity' (OnClassCondition)

   SpringDataWebAutoConfiguration:
      Did not match:
         - @ConditionalOnMissingBean (types: org.springframework.data.web.PageableHandlerMethodArgumentResolver; SearchStrategy: all) found beans of type 'org.springframework.data.web.PageableHandlerMethodArgumentResolver' pageableResolver (OnBeanCondition)
      Matched:
         - @ConditionalOnClass found required classes 'org.springframework.data.web.PageableHandlerMethodArgumentResolver', 'org.springframework.web.servlet.config.annotation.WebMvcConfigurer' (OnClassCondition)
         - found 'session' scope (OnWebApplicationCondition)

   SpringDocConfiguration#propertiesResolverForSchema:
      Did not match:
         - @ConditionalOnProperty (springdoc.api-docs.resolve-schema-properties) did not find property 'springdoc.api-docs.resolve-schema-properties' (OnPropertyCondition)

   SpringDocConfiguration#propertyCustomizingConverter:
      Did not match:
         - @ConditionalOnBean (types: org.springdoc.core.customizers.PropertyCustomizer; SearchStrategy: all) did not find any beans of type org.springdoc.core.customizers.PropertyCustomizer (OnBeanCondition)

   SpringDocConfiguration#springdocBeanFactoryPostProcessor:
      Did not match:
         - AnyNestedCondition 0 matched 2 did not; NestedCondition on CacheOrGroupedOpenApiCondition.OnCacheDisabled found non-matching nested conditions @ConditionalOnProperty (springdoc.cache.disabled) did not find property 'springdoc.cache.disabled'; NestedCondition on CacheOrGroupedOpenApiCondition.OnMultipleOpenApiSupportCondition AnyNestedCondition 0 matched 2 did not; NestedCondition on MultipleOpenApiSupportCondition.OnActuatorDifferentPort @ConditionalOnProperty (springdoc.show-actuator) did not find property 'springdoc.show-actuator'; NestedCondition on MultipleOpenApiSupportCondition.OnMultipleOpenApiSupportCondition AnyNestedCondition 0 matched 2 did not; NestedCondition on MultipleOpenApiGroupsCondition.OnGroupConfigProperty @ConditionalOnProperty (springdoc.group-configs[0].group) did not find property 'springdoc.group-configs[0].group'; NestedCondition on MultipleOpenApiGroupsCondition.OnGroupedOpenApiBean @ConditionalOnBean (types: org.springdoc.core.models.GroupedOpenApi; SearchStrategy: all) did not find any beans of type org.springdoc.core.models.GroupedOpenApi (CacheOrGroupedOpenApiCondition)
      Matched:
         - @ConditionalOnClass found required class 'org.springframework.boot.context.properties.bind.BindResult' (OnClassCondition)

   SpringDocConfiguration#springdocBeanFactoryPostProcessor2:
      Did not match:
         - @ConditionalOnMissingClass found unwanted class 'org.springframework.boot.context.properties.bind.BindResult' (OnClassCondition)

   SpringDocConfiguration.SpringDocActuatorConfiguration:
      Did not match:
         - @ConditionalOnClass did not find required class 'org.springframework.boot.actuate.autoconfigure.endpoint.web.WebEndpointProperties' (OnClassCondition)

   SpringDocConfiguration.SpringDocRepositoryRestConfiguration:
      Did not match:
         - @ConditionalOnClass did not find required class 'org.springframework.data.rest.core.config.RepositoryRestConfiguration' (OnClassCondition)

   SpringDocDataRestConfiguration:
      Did not match:
         - @ConditionalOnClass did not find required class 'org.springframework.data.rest.core.config.RepositoryRestConfiguration' (OnClassCondition)

   SpringDocFunctionCatalogConfiguration:
      Did not match:
         - @ConditionalOnClass did not find required class 'org.springframework.cloud.function.web.function.FunctionEndpointInitializer' (OnClassCondition)

   SpringDocGroovyConfiguration:
      Did not match:
         - @ConditionalOnClass did not find required class 'groovy.lang.MetaClass' (OnClassCondition)

   SpringDocHateoasConfiguration:
      Did not match:
         - @ConditionalOnClass did not find required class 'org.springframework.hateoas.server.LinkRelationProvider' (OnClassCondition)

   SpringDocJacksonKotlinModuleConfiguration:
      Did not match:
         - @ConditionalOnClass did not find required class 'com.fasterxml.jackson.module.kotlin.KotlinModule' (OnClassCondition)

   SpringDocJavadocConfiguration:
      Did not match:
         - @ConditionalOnClass did not find required class 'com.github.therapi.runtimejavadoc.CommentFormatter' (OnClassCondition)

   SpringDocKotlinConfiguration:
      Did not match:
         - @ConditionalOnClass did not find required class 'kotlin.coroutines.Continuation' (OnClassCondition)

   SpringDocKotlinxConfiguration:
      Did not match:
         - @ConditionalOnClass did not find required class 'kotlinx.coroutines.flow.Flow' (OnClassCondition)

   SpringDocSecurityConfiguration.SpringDocSecurityOAuth2Configuration:
      Did not match:
         - @ConditionalOnClass did not find required class 'org.springframework.security.oauth2.server.authorization.OAuth2AuthorizationService' (OnClassCondition)

   SpringDocSecurityConfiguration.SpringSecurityLoginEndpointConfiguration#springSecurityLoginEndpointCustomiser:
      Did not match:
         - @ConditionalOnProperty (springdoc.show-login-endpoint) did not find property 'springdoc.show-login-endpoint' (OnPropertyCondition)

   SpringDocSortConfiguration#delegatingMethodParameterCustomizer:
      Did not match:
         - @ConditionalOnMissingBean (types: org.springdoc.core.customizers.DelegatingMethodParameterCustomizer; SearchStrategy: all) found beans of type 'org.springdoc.core.customizers.DelegatingMethodParameterCustomizer' delegatingMethodParameterCustomizer (OnBeanCondition)

   SpringDocWebMvcConfiguration.SpringDocWebMvcActuatorConfiguration:
      Did not match:
         - @ConditionalOnClass did not find required class 'org.springframework.boot.actuate.endpoint.web.servlet.WebMvcEndpointHandlerMapping' (OnClassCondition)

   SwaggerConfig#springWebProvider:
      Did not match:
         - @ConditionalOnMissingBean (types: org.springdoc.core.providers.SpringWebProvider; SearchStrategy: all) found beans of type 'org.springdoc.core.providers.SpringWebProvider' springWebProvider (OnBeanCondition)

   SwaggerConfig#swaggerUiConfigParameters:
      Did not match:
         - @ConditionalOnMissingBean (types: org.springdoc.core.properties.SwaggerUiConfigParameters; SearchStrategy: all) found beans of type 'org.springdoc.core.properties.SwaggerUiConfigParameters' org.springdoc.core.properties.SwaggerUiConfigParameters (OnBeanCondition)

   SwaggerConfig#swaggerUiHome:
      Did not match:
         - @ConditionalOnProperty (springdoc.swagger-ui.use-root-path=true) did not find property 'springdoc.swagger-ui.use-root-path' (OnPropertyCondition)

   SwaggerConfig.SwaggerActuatorWelcomeConfiguration:
      Did not match:
         - @ConditionalOnClass did not find required class 'org.springframework.boot.actuate.endpoint.web.servlet.WebMvcEndpointHandlerMapping' (OnClassCondition)

   TaskExecutorConfigurations.SimpleAsyncTaskExecutorBuilderConfiguration#simpleAsyncTaskExecutorBuilderVirtualThreads:
      Did not match:
         - @ConditionalOnMissingBean (types: org.springframework.boot.task.SimpleAsyncTaskExecutorBuilder; SearchStrategy: all) found beans of type 'org.springframework.boot.task.SimpleAsyncTaskExecutorBuilder' simpleAsyncTaskExecutorBuilder (OnBeanCondition)

   TaskExecutorConfigurations.TaskExecutorConfiguration:
      Did not match:
         - @ConditionalOnMissingBean (types: java.util.concurrent.Executor; SearchStrategy: all) found beans of type 'java.util.concurrent.Executor' aiPass2Executor (OnBeanCondition)

   TaskSchedulingConfigurations.SimpleAsyncTaskSchedulerBuilderConfiguration#simpleAsyncTaskSchedulerBuilderVirtualThreads:
      Did not match:
         - @ConditionalOnMissingBean (types: org.springframework.boot.task.SimpleAsyncTaskSchedulerBuilder; SearchStrategy: all) found beans of type 'org.springframework.boot.task.SimpleAsyncTaskSchedulerBuilder' simpleAsyncTaskSchedulerBuilder (OnBeanCondition)

   TaskSchedulingConfigurations.TaskSchedulerConfiguration#taskSchedulerVirtualThreads:
      Did not match:
         - @ConditionalOnThreading did not find VIRTUAL (OnThreadingCondition)

   ThreadPoolBulkheadMetricsAutoConfiguration#registerThreadPoolBulkheadMetrics:
      Did not match:
         - @ConditionalOnProperty (resilience4j.thread-pool-bulkhead.metrics.legacy.enabled=true) did not find property 'resilience4j.thread-pool-bulkhead.metrics.legacy.enabled' (OnPropertyCondition)

   ThreadPoolBulkheadMetricsAutoConfiguration#taggedThreadPoolBulkheadMetricsPublisher:
      Did not match:
         - @ConditionalOnBean (types: io.micrometer.core.instrument.MeterRegistry; SearchStrategy: all) did not find any beans of type io.micrometer.core.instrument.MeterRegistry (OnBeanCondition)
      Matched:
         - @ConditionalOnProperty (resilience4j.thread-pool-bulkhead.metrics.legacy.enabled=false) matched (OnPropertyCondition)

   ThymeleafAutoConfiguration:
      Did not match:
         - @ConditionalOnClass did not find required class 'org.thymeleaf.spring6.SpringTemplateEngine' (OnClassCondition)

   TimeLimiterAutoConfiguration.TimeLimiterAutoEndpointConfiguration:
      Did not match:
         - @ConditionalOnClass did not find required class 'org.springframework.boot.actuate.endpoint.annotation.Endpoint' (OnClassCondition)

   TimeLimiterMetricsAutoConfiguration#registerTimeLimiterMetrics:
      Did not match:
         - @ConditionalOnProperty (resilience4j.timelimiter.metrics.legacy.enabled=true) did not find property 'resilience4j.timelimiter.metrics.legacy.enabled' (OnPropertyCondition)

   TimeLimiterMetricsAutoConfiguration#taggedTimeLimiterMetricsPublisher:
      Did not match:
         - @ConditionalOnBean (types: io.micrometer.core.instrument.MeterRegistry; SearchStrategy: all) did not find any beans of type io.micrometer.core.instrument.MeterRegistry (OnBeanCondition)
      Matched:
         - @ConditionalOnProperty (resilience4j.timelimiter.metrics.legacy.enabled=false) matched (OnPropertyCondition)

   TimerAutoConfiguration.TimerAutoEndpointConfiguration:
      Did not match:
         - @ConditionalOnClass did not find required class 'org.springframework.boot.actuate.endpoint.annotation.Endpoint' (OnClassCondition)

   TransactionAutoConfiguration#transactionalOperator:
      Did not match:
         - @ConditionalOnSingleCandidate (types: org.springframework.transaction.ReactiveTransactionManager; SearchStrategy: all) did not find any beans (OnBeanCondition)

   TransactionAutoConfiguration.AspectJTransactionManagementConfiguration:
      Did not match:
         - @ConditionalOnBean (types: org.springframework.transaction.aspectj.AbstractTransactionAspect; SearchStrategy: all) did not find any beans of type org.springframework.transaction.aspectj.AbstractTransactionAspect (OnBeanCondition)

   TransactionAutoConfiguration.EnableTransactionManagementConfiguration.JdkDynamicAutoProxyConfiguration:
      Did not match:
         - @ConditionalOnProperty (spring.aop.proxy-target-class=false) did not find property 'proxy-target-class' (OnPropertyCondition)

   UserDetailsServiceAutoConfiguration:
      Did not match:
         - @ConditionalOnMissingBean (types: org.springframework.security.authentication.AuthenticationManager,org.springframework.security.authentication.AuthenticationProvider,org.springframework.security.core.userdetails.UserDetailsService,org.springframework.security.authentication.AuthenticationManagerResolver,org.springframework.security.oauth2.jwt.JwtDecoder; SearchStrategy: all) found beans of type 'org.springframework.security.authentication.AuthenticationManager' authenticationManager and found beans of type 'org.springframework.security.core.userdetails.UserDetailsService' customUserDetailsService (OnBeanCondition)
      Matched:
         - @ConditionalOnClass found required class 'org.springframework.security.authentication.AuthenticationManager' (OnClassCondition)
         - AnyNestedCondition 1 matched 2 did not; NestedCondition on UserDetailsServiceAutoConfiguration.MissingAlternativeOrUserPropertiesConfigured.PasswordConfigured @ConditionalOnProperty (spring.security.user.password) did not find property 'password'; NestedCondition on UserDetailsServiceAutoConfiguration.MissingAlternativeOrUserPropertiesConfigured.NameConfigured @ConditionalOnProperty (spring.security.user.name) did not find property 'name'; NestedCondition on UserDetailsServiceAutoConfiguration.MissingAlternativeOrUserPropertiesConfigured.MissingAlternative @ConditionalOnMissingClass did not find unwanted classes 'org.springframework.security.oauth2.client.registration.ClientRegistrationRepository', 'org.springframework.security.oauth2.server.resource.introspection.OpaqueTokenIntrospector', 'org.springframework.security.saml2.provider.service.registration.RelyingPartyRegistrationRepository' (UserDetailsServiceAutoConfiguration.MissingAlternativeOrUserPropertiesConfigured)

   WebFluxAutoConfiguration:
      Did not match:
         - not a reactive web application (OnWebApplicationCondition)
      Matched:
         - @ConditionalOnClass found required class 'org.springframework.web.reactive.config.WebFluxConfigurer' (OnClassCondition)

   WebMvcAutoConfiguration#hiddenHttpMethodFilter:
      Did not match:
         - @ConditionalOnProperty (spring.mvc.hiddenmethod.filter.enabled) did not find property 'enabled' (OnPropertyCondition)

   WebMvcAutoConfiguration.ProblemDetailsErrorHandlingConfiguration:
      Did not match:
         - @ConditionalOnProperty (spring.mvc.problemdetails.enabled=true) did not find property 'enabled' (OnPropertyCondition)

   WebMvcAutoConfiguration.ResourceChainCustomizerConfiguration:
      Did not match:
         - @ConditionalOnEnabledResourceChain did not find class org.webjars.WebJarAssetLocator (OnEnabledResourceChainCondition)

   WebMvcAutoConfiguration.WebMvcAutoConfigurationAdapter#beanNameViewResolver:
      Did not match:
         - @ConditionalOnMissingBean (types: org.springframework.web.servlet.view.BeanNameViewResolver; SearchStrategy: all) found beans of type 'org.springframework.web.servlet.view.BeanNameViewResolver' beanNameViewResolver (OnBeanCondition)

   WebServiceTemplateAutoConfiguration:
      Did not match:
         - @ConditionalOnClass did not find required class 'org.springframework.ws.client.core.WebServiceTemplate' (OnClassCondition)

   WebServicesAutoConfiguration:
      Did not match:
         - @ConditionalOnClass did not find required class 'org.springframework.ws.transport.http.MessageDispatcherServlet' (OnClassCondition)

   WebSessionIdResolverAutoConfiguration:
      Did not match:
         - not a reactive web application (OnWebApplicationCondition)
      Matched:
         - @ConditionalOnClass found required classes 'org.springframework.web.server.session.WebSessionManager', 'reactor.core.publisher.Mono' (OnClassCondition)

   WebSocketMessagingAutoConfiguration:
      Did not match:
         - @ConditionalOnClass did not find required class 'org.springframework.web.socket.config.annotation.WebSocketMessageBrokerConfigurer' (OnClassCondition)

   WebSocketReactiveAutoConfiguration:
      Did not match:
         - not a reactive web application (OnWebApplicationCondition)
      Matched:
         - @ConditionalOnClass found required classes 'jakarta.servlet.Servlet', 'jakarta.websocket.server.ServerContainer' (OnClassCondition)

   WebSocketServletAutoConfiguration.JettyWebSocketConfiguration:
      Did not match:
         - @ConditionalOnClass did not find required class 'org.eclipse.jetty.ee10.websocket.jakarta.server.config.JakartaWebSocketServletContainerInitializer' (OnClassCondition)

   WebSocketServletAutoConfiguration.UndertowWebSocketConfiguration:
      Did not match:
         - @ConditionalOnClass did not find required class 'io.undertow.websockets.jsr.Bootstrap' (OnClassCondition)

   XADataSourceAutoConfiguration:
      Did not match:
         - @ConditionalOnBean (types: org.springframework.boot.jdbc.XADataSourceWrapper; SearchStrategy: all) did not find any beans of type org.springframework.boot.jdbc.XADataSourceWrapper (OnBeanCondition)
      Matched:
         - @ConditionalOnClass found required classes 'javax.sql.DataSource', 'jakarta.transaction.TransactionManager', 'org.springframework.jdbc.datasource.embedded.EmbeddedDatabaseType' (OnClassCondition)


Exclusions:
-----------

    org.springframework.boot.autoconfigure.data.jpa.JpaRepositoriesAutoConfiguration

    org.springframework.boot.autoconfigure.data.neo4j.Neo4jRepositoriesAutoConfiguration

    org.springframework.boot.autoconfigure.data.neo4j.Neo4jReactiveRepositoriesAutoConfiguration

    org.springframework.boot.autoconfigure.data.redis.RedisRepositoriesAutoConfiguration


Unconditional classes:
----------------------

    org.springframework.boot.autoconfigure.context.ConfigurationPropertiesAutoConfiguration

    org.springframework.boot.autoconfigure.ssl.SslAutoConfiguration

    org.springframework.boot.autoconfigure.context.PropertyPlaceholderAutoConfiguration

    org.springframework.boot.autoconfigure.context.LifecycleAutoConfiguration

    org.springframework.boot.autoconfigure.availability.ApplicationAvailabilityAutoConfiguration

    org.springframework.boot.autoconfigure.info.ProjectInfoAutoConfiguration



2026-05-15T07:40:55.492+07:00  INFO 27320 --- [           main] c.s.backend.SmartGroceryApplication      : Started SmartGroceryApplication in 29.52 seconds (process running for 29.893)
2026-05-15T07:40:55.493+07:00 DEBUG 27320 --- [           main] o.s.b.a.ApplicationAvailabilityBean      : Application availability state LivenessState changed to CORRECT
2026-05-15T07:40:55.497+07:00 DEBUG 27320 --- [           main] o.s.jdbc.core.JdbcTemplate               : Executing SQL query [SELECT EXISTS (
    SELECT 1
    FROM information_schema.columns
    WHERE table_schema = current_schema()
      AND table_name = 'products'
      AND column_name = 'is_staple'
)
]
2026-05-15T07:40:55.655+07:00 DEBUG 27320 --- [   scheduling-1] org.hibernate.SQL                        : update orders o1_0 set assignee_id=null,lease_expires_at=null,status=? where o1_0.status in (?,?) and o1_0.lease_expires_at is not null and o1_0.lease_expires_at<?
>> Database Migration: is_staple column already exists.
2026-05-15T07:40:55.773+07:00 DEBUG 27320 --- [           main] org.hibernate.SQL                        : select count(*) from roles r1_0
2026-05-15T07:40:55.784+07:00 DEBUG 27320 --- [   scheduling-1] org.hibernate.SQL                        : select o1_0.order_id,o1_0.address_id,o1_0.assigned_at,o1_0.assignee_id,o1_0.created_at,o1_0.customer_note,o1_0.delivered_at,o1_0.delivery_photo_url,o1_0.discount_amount,o1_0.internal_note,o1_0.lease_expires_at,o1_0.order_number,o1_0.packing_photo_url,o1_0.payment_method,o1_0.payment_status,o1_0.picked_at,o1_0.shipping_fee,o1_0.status,o1_0.subtotal,o1_0.tax_amount,o1_0.total_amount,o1_0.updated_at,o1_0.user_id from orders o1_0 where o1_0.status in (?,?) and o1_0.assignee_id is not null order by o1_0.updated_at
2026-05-15T07:40:55.902+07:00 DEBUG 27320 --- [   scheduling-1] org.hibernate.SQL                        : select o1_0.order_id,o1_0.address_id,o1_0.assigned_at,o1_0.assignee_id,o1_0.created_at,o1_0.customer_note,o1_0.delivered_at,o1_0.delivery_photo_url,o1_0.discount_amount,o1_0.internal_note,o1_0.lease_expires_at,o1_0.order_number,o1_0.packing_photo_url,o1_0.payment_method,o1_0.payment_status,o1_0.picked_at,o1_0.shipping_fee,o1_0.status,o1_0.subtotal,o1_0.tax_amount,o1_0.total_amount,o1_0.updated_at,o1_0.user_id from orders o1_0 where o1_0.status=? and (o1_0.assignee_id is null or o1_0.lease_expires_at is null or o1_0.lease_expires_at<?) order by o1_0.created_at
2026-05-15T07:40:55.908+07:00 DEBUG 27320 --- [           main] org.hibernate.SQL                        : select r1_0.role_id,r1_0.created_at,r1_0.description,r1_0.role_name from roles r1_0 where r1_0.role_name=?
2026-05-15T07:40:56.041+07:00 DEBUG 27320 --- [           main] org.hibernate.SQL                        : select r1_0.role_id,r1_0.created_at,r1_0.description,r1_0.role_name from roles r1_0 where r1_0.role_name=?
2026-05-15T07:40:56.041+07:00 DEBUG 27320 --- [   scheduling-1] org.hibernate.SQL                        : select u1_0.user_id,u1_0.avatar_url,u1_0.created_at,u1_0.email,u1_0.fcm_token,u1_0.firebase_uid,u1_0.full_name,u1_0.last_login,u1_0.password_hash,u1_0.phone,u1_0.role_id,u1_0.status,u1_0.updated_at from users u1_0 left join roles r1_0 on r1_0.role_id=u1_0.role_id where r1_0.role_name=? and u1_0.status=?
2026-05-15T07:40:56.153+07:00 DEBUG 27320 --- [           main] org.hibernate.SQL                        : select u1_0.user_id from users u1_0 where u1_0.email=? fetch first ? rows only
2026-05-15T07:40:56.159+07:00 DEBUG 27320 --- [   scheduling-1] org.hibernate.SQL                        : select ar1_0.id,ar1_0.block_number,ar1_0.check_in_at,ar1_0.check_in_status,ar1_0.check_out_at,ar1_0.check_out_status,ar1_0.created_at,ar1_0.latitude,ar1_0.longitude,ar1_0.note,ar1_0.shift_type,ar1_0.updated_at,ar1_0.user_id,ar1_0.work_date from attendance_records ar1_0 where ar1_0.user_id=? and ar1_0.work_date=? and ar1_0.check_in_at is not null and ar1_0.check_out_at is null
2026-05-15T07:40:56.264+07:00 DEBUG 27320 --- [           main] org.hibernate.SQL                        : select u1_0.user_id from users u1_0 where u1_0.email=? fetch first ? rows only
2026-05-15T07:40:56.375+07:00 DEBUG 27320 --- [           main] org.hibernate.SQL                        : select count(*) from ai_models a1_0
2026-05-15T07:40:56.489+07:00 DEBUG 27320 --- [           main] org.hibernate.SQL                        : select w1_0.id,w1_0.code,w1_0.created_at,w1_0.location,w1_0.name from warehouses w1_0 where w1_0.code=?
2026-05-15T07:40:56.602+07:00 DEBUG 27320 --- [           main] org.hibernate.SQL                        : select count(*) from suppliers s1_0
2026-05-15T07:40:56.716+07:00 DEBUG 27320 --- [           main] org.hibernate.SQL                        : select c1_0.category_id,c1_0.category_code,c1_0.created_at,c1_0.description,c1_0.is_active,c1_0.category_name,c1_0.parent_category_id,c1_0.sort_order,c1_0.updated_at from categories c1_0 where c1_0.category_code=?
2026-05-15T07:40:56.830+07:00 DEBUG 27320 --- [           main] org.hibernate.SQL                        : select c1_0.category_id,c1_0.category_code,c1_0.created_at,c1_0.description,c1_0.is_active,c1_0.category_name,c1_0.parent_category_id,c1_0.sort_order,c1_0.updated_at from categories c1_0 where c1_0.category_code=?
2026-05-15T07:40:56.941+07:00 DEBUG 27320 --- [           main] org.hibernate.SQL                        : select c1_0.category_id,c1_0.category_code,c1_0.created_at,c1_0.description,c1_0.is_active,c1_0.category_name,c1_0.parent_category_id,c1_0.sort_order,c1_0.updated_at from categories c1_0 where c1_0.category_code=?
2026-05-15T07:40:57.053+07:00 DEBUG 27320 --- [           main] org.hibernate.SQL                        : select c1_0.category_id,c1_0.category_code,c1_0.created_at,c1_0.description,c1_0.is_active,c1_0.category_name,c1_0.parent_category_id,c1_0.sort_order,c1_0.updated_at from categories c1_0 where c1_0.category_code=?
2026-05-15T07:40:57.164+07:00 DEBUG 27320 --- [           main] org.hibernate.SQL                        : select c1_0.category_id,c1_0.category_code,c1_0.created_at,c1_0.description,c1_0.is_active,c1_0.category_name,c1_0.parent_category_id,c1_0.sort_order,c1_0.updated_at from categories c1_0 where c1_0.category_code=?
2026-05-15T07:40:57.276+07:00 DEBUG 27320 --- [           main] org.hibernate.SQL                        : select c1_0.category_id,c1_0.category_code,c1_0.created_at,c1_0.description,c1_0.is_active,c1_0.category_name,c1_0.parent_category_id,c1_0.sort_order,c1_0.updated_at from categories c1_0 where c1_0.category_code=?
2026-05-15T07:40:57.388+07:00 DEBUG 27320 --- [           main] org.hibernate.SQL                        : select c1_0.category_id,c1_0.category_code,c1_0.created_at,c1_0.description,c1_0.is_active,c1_0.category_name,c1_0.parent_category_id,c1_0.sort_order,c1_0.updated_at from categories c1_0 where c1_0.category_code=?
2026-05-15T07:40:57.499+07:00 DEBUG 27320 --- [           main] org.hibernate.SQL                        : select c1_0.category_id,c1_0.category_code,c1_0.created_at,c1_0.description,c1_0.is_active,c1_0.category_name,c1_0.parent_category_id,c1_0.sort_order,c1_0.updated_at from categories c1_0 where c1_0.category_code=?
2026-05-15T07:40:57.612+07:00 DEBUG 27320 --- [           main] org.hibernate.SQL                        : select c1_0.category_id,c1_0.category_code,c1_0.created_at,c1_0.description,c1_0.is_active,c1_0.category_name,c1_0.parent_category_id,c1_0.sort_order,c1_0.updated_at from categories c1_0 where c1_0.category_code=?
2026-05-15T07:40:57.724+07:00 DEBUG 27320 --- [           main] org.hibernate.SQL                        : select c1_0.category_id,c1_0.category_code,c1_0.created_at,c1_0.description,c1_0.is_active,c1_0.category_name,c1_0.parent_category_id,c1_0.sort_order,c1_0.updated_at from categories c1_0 where c1_0.category_code=?
2026-05-15T07:40:57.843+07:00 DEBUG 27320 --- [           main] org.hibernate.SQL                        : select p1_0.product_id,p1_0.brand_id,p1_0.category_id,p1_0.created_at,p1_0.description,p1_0.image,p1_0.is_featured,p1_0.is_staple,p1_0.product_name,p1_0.origin_country,p1_0.product_code,p1_0.short_description,p1_0.status,p1_0.updated_at from products p1_0 where p1_0.product_code=?
2026-05-15T07:40:57.970+07:00 DEBUG 27320 --- [           main] org.hibernate.SQL                        : insert into products (brand_id,category_id,created_at,description,image,is_featured,is_staple,product_name,origin_country,product_code,short_description,status,updated_at) values (?,?,?,?,?,?,?,?,?,?,?,?,?) returning product_id
2026-05-15T07:40:58.095+07:00 DEBUG 27320 --- [           main] org.hibernate.SQL                        : select pv1_0.variant_id,pv1_0.barcode,pv1_0.color,pv1_0.compare_at_price,pv1_0.cost_price,pv1_0.created_at,pv1_0.net_price,pv1_0.package_size,pv1_0.product_id,pv1_0.size,pv1_0.sku,pv1_0.status,pv1_0.unit,pv1_0.updated_at,pv1_0.variant_name,pv1_0.vat_percent,pv1_0.weight_gram from product_variants pv1_0 where pv1_0.sku=?
2026-05-15T07:40:58.209+07:00 DEBUG 27320 --- [           main] org.hibernate.SQL                        : insert into product_variants (barcode,color,compare_at_price,cost_price,created_at,net_price,package_size,product_id,size,sku,status,unit,updated_at,variant_name,vat_percent,weight_gram) values (?,?,?,?,?,?,?,?,?,?,?,?,?,?,?,?) returning variant_id
2026-05-15T07:40:58.335+07:00 DEBUG 27320 --- [           main] org.hibernate.SQL                        : select is1_0.id,is1_0.available_quantity,is1_0.reserved_quantity,is1_0.updated_at,is1_0.variant_id,is1_0.warehouse_id from inventory_stocks is1_0 where is1_0.warehouse_id=? and is1_0.variant_id=? for no key update
2026-05-15T07:40:58.447+07:00 DEBUG 27320 --- [           main] org.hibernate.SQL                        : insert into inventory_stocks (available_quantity,reserved_quantity,updated_at,variant_id,warehouse_id) values (?,?,?,?,?) returning id
2026-05-15T07:40:58.565+07:00 DEBUG 27320 --- [           main] org.hibernate.SQL                        : select p1_0.product_id,p1_0.brand_id,p1_0.category_id,p1_0.created_at,p1_0.description,p1_0.image,p1_0.is_featured,p1_0.is_staple,p1_0.product_name,p1_0.origin_country,p1_0.product_code,p1_0.short_description,p1_0.status,p1_0.updated_at from products p1_0 where p1_0.product_code=?
2026-05-15T07:40:58.675+07:00 DEBUG 27320 --- [           main] org.hibernate.SQL                        : insert into products (brand_id,category_id,created_at,description,image,is_featured,is_staple,product_name,origin_country,product_code,short_description,status,updated_at) values (?,?,?,?,?,?,?,?,?,?,?,?,?) returning product_id
2026-05-15T07:40:58.786+07:00 DEBUG 27320 --- [           main] org.hibernate.SQL                        : select pv1_0.variant_id,pv1_0.barcode,pv1_0.color,pv1_0.compare_at_price,pv1_0.cost_price,pv1_0.created_at,pv1_0.net_price,pv1_0.package_size,pv1_0.product_id,pv1_0.size,pv1_0.sku,pv1_0.status,pv1_0.unit,pv1_0.updated_at,pv1_0.variant_name,pv1_0.vat_percent,pv1_0.weight_gram from product_variants pv1_0 where pv1_0.sku=?
2026-05-15T07:40:58.903+07:00 DEBUG 27320 --- [           main] org.hibernate.SQL                        : insert into product_variants (barcode,color,compare_at_price,cost_price,created_at,net_price,package_size,product_id,size,sku,status,unit,updated_at,variant_name,vat_percent,weight_gram) values (?,?,?,?,?,?,?,?,?,?,?,?,?,?,?,?) returning variant_id
2026-05-15T07:40:59.016+07:00 DEBUG 27320 --- [           main] org.hibernate.SQL                        : select is1_0.id,is1_0.available_quantity,is1_0.reserved_quantity,is1_0.updated_at,is1_0.variant_id,is1_0.warehouse_id from inventory_stocks is1_0 where is1_0.warehouse_id=? and is1_0.variant_id=? for no key update
2026-05-15T07:40:59.126+07:00 DEBUG 27320 --- [           main] org.hibernate.SQL                        : insert into inventory_stocks (available_quantity,reserved_quantity,updated_at,variant_id,warehouse_id) values (?,?,?,?,?) returning id
2026-05-15T07:40:59.238+07:00 DEBUG 27320 --- [           main] org.hibernate.SQL                        : select p1_0.product_id,p1_0.brand_id,p1_0.category_id,p1_0.created_at,p1_0.description,p1_0.image,p1_0.is_featured,p1_0.is_staple,p1_0.product_name,p1_0.origin_country,p1_0.product_code,p1_0.short_description,p1_0.status,p1_0.updated_at from products p1_0 where p1_0.product_code=?
2026-05-15T07:40:59.347+07:00 DEBUG 27320 --- [           main] org.hibernate.SQL                        : insert into products (brand_id,category_id,created_at,description,image,is_featured,is_staple,product_name,origin_country,product_code,short_description,status,updated_at) values (?,?,?,?,?,?,?,?,?,?,?,?,?) returning product_id
2026-05-15T07:40:59.459+07:00 DEBUG 27320 --- [           main] org.hibernate.SQL                        : select pv1_0.variant_id,pv1_0.barcode,pv1_0.color,pv1_0.compare_at_price,pv1_0.cost_price,pv1_0.created_at,pv1_0.net_price,pv1_0.package_size,pv1_0.product_id,pv1_0.size,pv1_0.sku,pv1_0.status,pv1_0.unit,pv1_0.updated_at,pv1_0.variant_name,pv1_0.vat_percent,pv1_0.weight_gram from product_variants pv1_0 where pv1_0.sku=?
2026-05-15T07:40:59.568+07:00 DEBUG 27320 --- [           main] org.hibernate.SQL                        : insert into product_variants (barcode,color,compare_at_price,cost_price,created_at,net_price,package_size,product_id,size,sku,status,unit,updated_at,variant_name,vat_percent,weight_gram) values (?,?,?,?,?,?,?,?,?,?,?,?,?,?,?,?) returning variant_id
2026-05-15T07:40:59.680+07:00 DEBUG 27320 --- [           main] org.hibernate.SQL                        : select is1_0.id,is1_0.available_quantity,is1_0.reserved_quantity,is1_0.updated_at,is1_0.variant_id,is1_0.warehouse_id from inventory_stocks is1_0 where is1_0.warehouse_id=? and is1_0.variant_id=? for no key update
2026-05-15T07:40:59.790+07:00 DEBUG 27320 --- [           main] org.hibernate.SQL                        : insert into inventory_stocks (available_quantity,reserved_quantity,updated_at,variant_id,warehouse_id) values (?,?,?,?,?) returning id
2026-05-15T07:40:59.901+07:00 DEBUG 27320 --- [           main] org.hibernate.SQL                        : select p1_0.product_id,p1_0.brand_id,p1_0.category_id,p1_0.created_at,p1_0.description,p1_0.image,p1_0.is_featured,p1_0.is_staple,p1_0.product_name,p1_0.origin_country,p1_0.product_code,p1_0.short_description,p1_0.status,p1_0.updated_at from products p1_0 where p1_0.product_code=?
2026-05-15T07:41:00.011+07:00 DEBUG 27320 --- [           main] org.hibernate.SQL                        : insert into products (brand_id,category_id,created_at,description,image,is_featured,is_staple,product_name,origin_country,product_code,short_description,status,updated_at) values (?,?,?,?,?,?,?,?,?,?,?,?,?) returning product_id
2026-05-15T07:41:00.123+07:00 DEBUG 27320 --- [           main] org.hibernate.SQL                        : select pv1_0.variant_id,pv1_0.barcode,pv1_0.color,pv1_0.compare_at_price,pv1_0.cost_price,pv1_0.created_at,pv1_0.net_price,pv1_0.package_size,pv1_0.product_id,pv1_0.size,pv1_0.sku,pv1_0.status,pv1_0.unit,pv1_0.updated_at,pv1_0.variant_name,pv1_0.vat_percent,pv1_0.weight_gram from product_variants pv1_0 where pv1_0.sku=?
2026-05-15T07:41:00.234+07:00 DEBUG 27320 --- [           main] org.hibernate.SQL                        : insert into product_variants (barcode,color,compare_at_price,cost_price,created_at,net_price,package_size,product_id,size,sku,status,unit,updated_at,variant_name,vat_percent,weight_gram) values (?,?,?,?,?,?,?,?,?,?,?,?,?,?,?,?) returning variant_id
2026-05-15T07:41:00.346+07:00 DEBUG 27320 --- [           main] org.hibernate.SQL                        : select is1_0.id,is1_0.available_quantity,is1_0.reserved_quantity,is1_0.updated_at,is1_0.variant_id,is1_0.warehouse_id from inventory_stocks is1_0 where is1_0.warehouse_id=? and is1_0.variant_id=? for no key update
2026-05-15T07:41:00.456+07:00 DEBUG 27320 --- [           main] org.hibernate.SQL                        : insert into inventory_stocks (available_quantity,reserved_quantity,updated_at,variant_id,warehouse_id) values (?,?,?,?,?) returning id
2026-05-15T07:41:00.568+07:00 DEBUG 27320 --- [           main] org.hibernate.SQL                        : select p1_0.product_id,p1_0.brand_id,p1_0.category_id,p1_0.created_at,p1_0.description,p1_0.image,p1_0.is_featured,p1_0.is_staple,p1_0.product_name,p1_0.origin_country,p1_0.product_code,p1_0.short_description,p1_0.status,p1_0.updated_at from products p1_0 where p1_0.product_code=?
2026-05-15T07:41:00.676+07:00 DEBUG 27320 --- [           main] org.hibernate.SQL                        : insert into products (brand_id,category_id,created_at,description,image,is_featured,is_staple,product_name,origin_country,product_code,short_description,status,updated_at) values (?,?,?,?,?,?,?,?,?,?,?,?,?) returning product_id
2026-05-15T07:41:00.788+07:00 DEBUG 27320 --- [           main] org.hibernate.SQL                        : select pv1_0.variant_id,pv1_0.barcode,pv1_0.color,pv1_0.compare_at_price,pv1_0.cost_price,pv1_0.created_at,pv1_0.net_price,pv1_0.package_size,pv1_0.product_id,pv1_0.size,pv1_0.sku,pv1_0.status,pv1_0.unit,pv1_0.updated_at,pv1_0.variant_name,pv1_0.vat_percent,pv1_0.weight_gram from product_variants pv1_0 where pv1_0.sku=?
2026-05-15T07:41:00.899+07:00 DEBUG 27320 --- [           main] org.hibernate.SQL                        : insert into product_variants (barcode,color,compare_at_price,cost_price,created_at,net_price,package_size,product_id,size,sku,status,unit,updated_at,variant_name,vat_percent,weight_gram) values (?,?,?,?,?,?,?,?,?,?,?,?,?,?,?,?) returning variant_id
2026-05-15T07:41:01.012+07:00 DEBUG 27320 --- [           main] org.hibernate.SQL                        : select is1_0.id,is1_0.available_quantity,is1_0.reserved_quantity,is1_0.updated_at,is1_0.variant_id,is1_0.warehouse_id from inventory_stocks is1_0 where is1_0.warehouse_id=? and is1_0.variant_id=? for no key update
2026-05-15T07:41:01.125+07:00 DEBUG 27320 --- [           main] org.hibernate.SQL                        : insert into inventory_stocks (available_quantity,reserved_quantity,updated_at,variant_id,warehouse_id) values (?,?,?,?,?) returning id
2026-05-15T07:41:01.236+07:00 DEBUG 27320 --- [           main] org.hibernate.SQL                        : select p1_0.product_id,p1_0.brand_id,p1_0.category_id,p1_0.created_at,p1_0.description,p1_0.image,p1_0.is_featured,p1_0.is_staple,p1_0.product_name,p1_0.origin_country,p1_0.product_code,p1_0.short_description,p1_0.status,p1_0.updated_at from products p1_0 where p1_0.product_code=?
2026-05-15T07:41:01.346+07:00 DEBUG 27320 --- [           main] org.hibernate.SQL                        : insert into products (brand_id,category_id,created_at,description,image,is_featured,is_staple,product_name,origin_country,product_code,short_description,status,updated_at) values (?,?,?,?,?,?,?,?,?,?,?,?,?) returning product_id
2026-05-15T07:41:01.458+07:00 DEBUG 27320 --- [           main] org.hibernate.SQL                        : select pv1_0.variant_id,pv1_0.barcode,pv1_0.color,pv1_0.compare_at_price,pv1_0.cost_price,pv1_0.created_at,pv1_0.net_price,pv1_0.package_size,pv1_0.product_id,pv1_0.size,pv1_0.sku,pv1_0.status,pv1_0.unit,pv1_0.updated_at,pv1_0.variant_name,pv1_0.vat_percent,pv1_0.weight_gram from product_variants pv1_0 where pv1_0.sku=?
2026-05-15T07:41:01.567+07:00 DEBUG 27320 --- [           main] org.hibernate.SQL                        : insert into product_variants (barcode,color,compare_at_price,cost_price,created_at,net_price,package_size,product_id,size,sku,status,unit,updated_at,variant_name,vat_percent,weight_gram) values (?,?,?,?,?,?,?,?,?,?,?,?,?,?,?,?) returning variant_id
2026-05-15T07:41:01.688+07:00 DEBUG 27320 --- [           main] org.hibernate.SQL                        : select is1_0.id,is1_0.available_quantity,is1_0.reserved_quantity,is1_0.updated_at,is1_0.variant_id,is1_0.warehouse_id from inventory_stocks is1_0 where is1_0.warehouse_id=? and is1_0.variant_id=? for no key update
2026-05-15T07:41:01.798+07:00 DEBUG 27320 --- [           main] org.hibernate.SQL                        : insert into inventory_stocks (available_quantity,reserved_quantity,updated_at,variant_id,warehouse_id) values (?,?,?,?,?) returning id
2026-05-15T07:41:01.910+07:00 DEBUG 27320 --- [           main] org.hibernate.SQL                        : select p1_0.product_id,p1_0.brand_id,p1_0.category_id,p1_0.created_at,p1_0.description,p1_0.image,p1_0.is_featured,p1_0.is_staple,p1_0.product_name,p1_0.origin_country,p1_0.product_code,p1_0.short_description,p1_0.status,p1_0.updated_at from products p1_0 where p1_0.product_code=?
2026-05-15T07:41:02.019+07:00 DEBUG 27320 --- [           main] org.hibernate.SQL                        : insert into products (brand_id,category_id,created_at,description,image,is_featured,is_staple,product_name,origin_country,product_code,short_description,status,updated_at) values (?,?,?,?,?,?,?,?,?,?,?,?,?) returning product_id
2026-05-15T07:41:02.133+07:00 DEBUG 27320 --- [           main] org.hibernate.SQL                        : select pv1_0.variant_id,pv1_0.barcode,pv1_0.color,pv1_0.compare_at_price,pv1_0.cost_price,pv1_0.created_at,pv1_0.net_price,pv1_0.package_size,pv1_0.product_id,pv1_0.size,pv1_0.sku,pv1_0.status,pv1_0.unit,pv1_0.updated_at,pv1_0.variant_name,pv1_0.vat_percent,pv1_0.weight_gram from product_variants pv1_0 where pv1_0.sku=?
2026-05-15T07:41:02.243+07:00 DEBUG 27320 --- [           main] org.hibernate.SQL                        : insert into product_variants (barcode,color,compare_at_price,cost_price,created_at,net_price,package_size,product_id,size,sku,status,unit,updated_at,variant_name,vat_percent,weight_gram) values (?,?,?,?,?,?,?,?,?,?,?,?,?,?,?,?) returning variant_id
2026-05-15T07:41:02.355+07:00 DEBUG 27320 --- [           main] org.hibernate.SQL                        : select is1_0.id,is1_0.available_quantity,is1_0.reserved_quantity,is1_0.updated_at,is1_0.variant_id,is1_0.warehouse_id from inventory_stocks is1_0 where is1_0.warehouse_id=? and is1_0.variant_id=? for no key update
2026-05-15T07:41:02.465+07:00 DEBUG 27320 --- [           main] org.hibernate.SQL                        : insert into inventory_stocks (available_quantity,reserved_quantity,updated_at,variant_id,warehouse_id) values (?,?,?,?,?) returning id
2026-05-15T07:41:02.578+07:00 DEBUG 27320 --- [           main] org.hibernate.SQL                        : select p1_0.product_id,p1_0.brand_id,p1_0.category_id,p1_0.created_at,p1_0.description,p1_0.image,p1_0.is_featured,p1_0.is_staple,p1_0.product_name,p1_0.origin_country,p1_0.product_code,p1_0.short_description,p1_0.status,p1_0.updated_at from products p1_0 where p1_0.product_code=?
2026-05-15T07:41:02.689+07:00 DEBUG 27320 --- [           main] org.hibernate.SQL                        : insert into products (brand_id,category_id,created_at,description,image,is_featured,is_staple,product_name,origin_country,product_code,short_description,status,updated_at) values (?,?,?,?,?,?,?,?,?,?,?,?,?) returning product_id
2026-05-15T07:41:02.802+07:00 DEBUG 27320 --- [           main] org.hibernate.SQL                        : select pv1_0.variant_id,pv1_0.barcode,pv1_0.color,pv1_0.compare_at_price,pv1_0.cost_price,pv1_0.created_at,pv1_0.net_price,pv1_0.package_size,pv1_0.product_id,pv1_0.size,pv1_0.sku,pv1_0.status,pv1_0.unit,pv1_0.updated_at,pv1_0.variant_name,pv1_0.vat_percent,pv1_0.weight_gram from product_variants pv1_0 where pv1_0.sku=?
2026-05-15T07:41:02.913+07:00 DEBUG 27320 --- [           main] org.hibernate.SQL                        : insert into product_variants (barcode,color,compare_at_price,cost_price,created_at,net_price,package_size,product_id,size,sku,status,unit,updated_at,variant_name,vat_percent,weight_gram) values (?,?,?,?,?,?,?,?,?,?,?,?,?,?,?,?) returning variant_id
2026-05-15T07:41:03.024+07:00 DEBUG 27320 --- [           main] org.hibernate.SQL                        : select is1_0.id,is1_0.available_quantity,is1_0.reserved_quantity,is1_0.updated_at,is1_0.variant_id,is1_0.warehouse_id from inventory_stocks is1_0 where is1_0.warehouse_id=? and is1_0.variant_id=? for no key update
2026-05-15T07:41:03.142+07:00 DEBUG 27320 --- [           main] org.hibernate.SQL                        : insert into inventory_stocks (available_quantity,reserved_quantity,updated_at,variant_id,warehouse_id) values (?,?,?,?,?) returning id
2026-05-15T07:41:03.253+07:00 DEBUG 27320 --- [           main] org.hibernate.SQL                        : select p1_0.product_id,p1_0.brand_id,p1_0.category_id,p1_0.created_at,p1_0.description,p1_0.image,p1_0.is_featured,p1_0.is_staple,p1_0.product_name,p1_0.origin_country,p1_0.product_code,p1_0.short_description,p1_0.status,p1_0.updated_at from products p1_0 where p1_0.product_code=?
2026-05-15T07:41:03.370+07:00 DEBUG 27320 --- [           main] org.hibernate.SQL                        : insert into products (brand_id,category_id,created_at,description,image,is_featured,is_staple,product_name,origin_country,product_code,short_description,status,updated_at) values (?,?,?,?,?,?,?,?,?,?,?,?,?) returning product_id
2026-05-15T07:41:03.483+07:00 DEBUG 27320 --- [           main] org.hibernate.SQL                        : select pv1_0.variant_id,pv1_0.barcode,pv1_0.color,pv1_0.compare_at_price,pv1_0.cost_price,pv1_0.created_at,pv1_0.net_price,pv1_0.package_size,pv1_0.product_id,pv1_0.size,pv1_0.sku,pv1_0.status,pv1_0.unit,pv1_0.updated_at,pv1_0.variant_name,pv1_0.vat_percent,pv1_0.weight_gram from product_variants pv1_0 where pv1_0.sku=?
2026-05-15T07:41:03.592+07:00 DEBUG 27320 --- [           main] org.hibernate.SQL                        : insert into product_variants (barcode,color,compare_at_price,cost_price,created_at,net_price,package_size,product_id,size,sku,status,unit,updated_at,variant_name,vat_percent,weight_gram) values (?,?,?,?,?,?,?,?,?,?,?,?,?,?,?,?) returning variant_id
2026-05-15T07:41:03.705+07:00 DEBUG 27320 --- [           main] org.hibernate.SQL                        : select is1_0.id,is1_0.available_quantity,is1_0.reserved_quantity,is1_0.updated_at,is1_0.variant_id,is1_0.warehouse_id from inventory_stocks is1_0 where is1_0.warehouse_id=? and is1_0.variant_id=? for no key update
2026-05-15T07:41:03.814+07:00 DEBUG 27320 --- [           main] org.hibernate.SQL                        : insert into inventory_stocks (available_quantity,reserved_quantity,updated_at,variant_id,warehouse_id) values (?,?,?,?,?) returning id
2026-05-15T07:41:03.927+07:00 DEBUG 27320 --- [           main] org.hibernate.SQL                        : select p1_0.product_id,p1_0.brand_id,p1_0.category_id,p1_0.created_at,p1_0.description,p1_0.image,p1_0.is_featured,p1_0.is_staple,p1_0.product_name,p1_0.origin_country,p1_0.product_code,p1_0.short_description,p1_0.status,p1_0.updated_at from products p1_0 where p1_0.product_code=?
2026-05-15T07:41:04.039+07:00 DEBUG 27320 --- [           main] org.hibernate.SQL                        : insert into products (brand_id,category_id,created_at,description,image,is_featured,is_staple,product_name,origin_country,product_code,short_description,status,updated_at) values (?,?,?,?,?,?,?,?,?,?,?,?,?) returning product_id
2026-05-15T07:41:04.151+07:00 DEBUG 27320 --- [           main] org.hibernate.SQL                        : select pv1_0.variant_id,pv1_0.barcode,pv1_0.color,pv1_0.compare_at_price,pv1_0.cost_price,pv1_0.created_at,pv1_0.net_price,pv1_0.package_size,pv1_0.product_id,pv1_0.size,pv1_0.sku,pv1_0.status,pv1_0.unit,pv1_0.updated_at,pv1_0.variant_name,pv1_0.vat_percent,pv1_0.weight_gram from product_variants pv1_0 where pv1_0.sku=?
2026-05-15T07:41:04.262+07:00 DEBUG 27320 --- [           main] org.hibernate.SQL                        : insert into product_variants (barcode,color,compare_at_price,cost_price,created_at,net_price,package_size,product_id,size,sku,status,unit,updated_at,variant_name,vat_percent,weight_gram) values (?,?,?,?,?,?,?,?,?,?,?,?,?,?,?,?) returning variant_id
2026-05-15T07:41:04.373+07:00 DEBUG 27320 --- [           main] org.hibernate.SQL                        : select is1_0.id,is1_0.available_quantity,is1_0.reserved_quantity,is1_0.updated_at,is1_0.variant_id,is1_0.warehouse_id from inventory_stocks is1_0 where is1_0.warehouse_id=? and is1_0.variant_id=? for no key update
2026-05-15T07:41:04.483+07:00 DEBUG 27320 --- [           main] org.hibernate.SQL                        : insert into inventory_stocks (available_quantity,reserved_quantity,updated_at,variant_id,warehouse_id) values (?,?,?,?,?) returning id
2026-05-15T07:41:04.593+07:00 DEBUG 27320 --- [           main] org.hibernate.SQL                        : select p1_0.product_id,p1_0.brand_id,p1_0.category_id,p1_0.created_at,p1_0.description,p1_0.image,p1_0.is_featured,p1_0.is_staple,p1_0.product_name,p1_0.origin_country,p1_0.product_code,p1_0.short_description,p1_0.status,p1_0.updated_at from products p1_0 where p1_0.product_code=?
2026-05-15T07:41:04.703+07:00 DEBUG 27320 --- [           main] org.hibernate.SQL                        : insert into products (brand_id,category_id,created_at,description,image,is_featured,is_staple,product_name,origin_country,product_code,short_description,status,updated_at) values (?,?,?,?,?,?,?,?,?,?,?,?,?) returning product_id
2026-05-15T07:41:04.815+07:00 DEBUG 27320 --- [           main] org.hibernate.SQL                        : select pv1_0.variant_id,pv1_0.barcode,pv1_0.color,pv1_0.compare_at_price,pv1_0.cost_price,pv1_0.created_at,pv1_0.net_price,pv1_0.package_size,pv1_0.product_id,pv1_0.size,pv1_0.sku,pv1_0.status,pv1_0.unit,pv1_0.updated_at,pv1_0.variant_name,pv1_0.vat_percent,pv1_0.weight_gram from product_variants pv1_0 where pv1_0.sku=?
2026-05-15T07:41:04.929+07:00 DEBUG 27320 --- [           main] org.hibernate.SQL                        : insert into product_variants (barcode,color,compare_at_price,cost_price,created_at,net_price,package_size,product_id,size,sku,status,unit,updated_at,variant_name,vat_percent,weight_gram) values (?,?,?,?,?,?,?,?,?,?,?,?,?,?,?,?) returning variant_id
2026-05-15T07:41:05.047+07:00 DEBUG 27320 --- [           main] org.hibernate.SQL                        : select is1_0.id,is1_0.available_quantity,is1_0.reserved_quantity,is1_0.updated_at,is1_0.variant_id,is1_0.warehouse_id from inventory_stocks is1_0 where is1_0.warehouse_id=? and is1_0.variant_id=? for no key update
2026-05-15T07:41:05.165+07:00 DEBUG 27320 --- [           main] org.hibernate.SQL                        : insert into inventory_stocks (available_quantity,reserved_quantity,updated_at,variant_id,warehouse_id) values (?,?,?,?,?) returning id
2026-05-15T07:41:05.281+07:00 DEBUG 27320 --- [           main] org.hibernate.SQL                        : select p1_0.product_id,p1_0.brand_id,p1_0.category_id,p1_0.created_at,p1_0.description,p1_0.image,p1_0.is_featured,p1_0.is_staple,p1_0.product_name,p1_0.origin_country,p1_0.product_code,p1_0.short_description,p1_0.status,p1_0.updated_at from products p1_0 where p1_0.product_code=?
2026-05-15T07:41:05.400+07:00 DEBUG 27320 --- [           main] org.hibernate.SQL                        : insert into products (brand_id,category_id,created_at,description,image,is_featured,is_staple,product_name,origin_country,product_code,short_description,status,updated_at) values (?,?,?,?,?,?,?,?,?,?,?,?,?) returning product_id
2026-05-15T07:41:05.513+07:00 DEBUG 27320 --- [           main] org.hibernate.SQL                        : select pv1_0.variant_id,pv1_0.barcode,pv1_0.color,pv1_0.compare_at_price,pv1_0.cost_price,pv1_0.created_at,pv1_0.net_price,pv1_0.package_size,pv1_0.product_id,pv1_0.size,pv1_0.sku,pv1_0.status,pv1_0.unit,pv1_0.updated_at,pv1_0.variant_name,pv1_0.vat_percent,pv1_0.weight_gram from product_variants pv1_0 where pv1_0.sku=?
2026-05-15T07:41:05.624+07:00 DEBUG 27320 --- [           main] org.hibernate.SQL                        : insert into product_variants (barcode,color,compare_at_price,cost_price,created_at,net_price,package_size,product_id,size,sku,status,unit,updated_at,variant_name,vat_percent,weight_gram) values (?,?,?,?,?,?,?,?,?,?,?,?,?,?,?,?) returning variant_id
2026-05-15T07:41:05.738+07:00 DEBUG 27320 --- [           main] org.hibernate.SQL                        : select is1_0.id,is1_0.available_quantity,is1_0.reserved_quantity,is1_0.updated_at,is1_0.variant_id,is1_0.warehouse_id from inventory_stocks is1_0 where is1_0.warehouse_id=? and is1_0.variant_id=? for no key update
2026-05-15T07:41:05.848+07:00 DEBUG 27320 --- [           main] org.hibernate.SQL                        : insert into inventory_stocks (available_quantity,reserved_quantity,updated_at,variant_id,warehouse_id) values (?,?,?,?,?) returning id
2026-05-15T07:41:05.960+07:00 DEBUG 27320 --- [           main] org.hibernate.SQL                        : select p1_0.product_id,p1_0.brand_id,p1_0.category_id,p1_0.created_at,p1_0.description,p1_0.image,p1_0.is_featured,p1_0.is_staple,p1_0.product_name,p1_0.origin_country,p1_0.product_code,p1_0.short_description,p1_0.status,p1_0.updated_at from products p1_0 where p1_0.product_code=?
2026-05-15T07:41:06.077+07:00 DEBUG 27320 --- [           main] org.hibernate.SQL                        : insert into products (brand_id,category_id,created_at,description,image,is_featured,is_staple,product_name,origin_country,product_code,short_description,status,updated_at) values (?,?,?,?,?,?,?,?,?,?,?,?,?) returning product_id
2026-05-15T07:41:06.189+07:00 DEBUG 27320 --- [           main] org.hibernate.SQL                        : select pv1_0.variant_id,pv1_0.barcode,pv1_0.color,pv1_0.compare_at_price,pv1_0.cost_price,pv1_0.created_at,pv1_0.net_price,pv1_0.package_size,pv1_0.product_id,pv1_0.size,pv1_0.sku,pv1_0.status,pv1_0.unit,pv1_0.updated_at,pv1_0.variant_name,pv1_0.vat_percent,pv1_0.weight_gram from product_variants pv1_0 where pv1_0.sku=?
2026-05-15T07:41:06.301+07:00 DEBUG 27320 --- [           main] org.hibernate.SQL                        : insert into product_variants (barcode,color,compare_at_price,cost_price,created_at,net_price,package_size,product_id,size,sku,status,unit,updated_at,variant_name,vat_percent,weight_gram) values (?,?,?,?,?,?,?,?,?,?,?,?,?,?,?,?) returning variant_id
2026-05-15T07:41:06.415+07:00 DEBUG 27320 --- [           main] org.hibernate.SQL                        : select is1_0.id,is1_0.available_quantity,is1_0.reserved_quantity,is1_0.updated_at,is1_0.variant_id,is1_0.warehouse_id from inventory_stocks is1_0 where is1_0.warehouse_id=? and is1_0.variant_id=? for no key update
2026-05-15T07:41:06.527+07:00 DEBUG 27320 --- [           main] org.hibernate.SQL                        : insert into inventory_stocks (available_quantity,reserved_quantity,updated_at,variant_id,warehouse_id) values (?,?,?,?,?) returning id
2026-05-15T07:41:06.638+07:00 DEBUG 27320 --- [           main] org.hibernate.SQL                        : select p1_0.product_id,p1_0.brand_id,p1_0.category_id,p1_0.created_at,p1_0.description,p1_0.image,p1_0.is_featured,p1_0.is_staple,p1_0.product_name,p1_0.origin_country,p1_0.product_code,p1_0.short_description,p1_0.status,p1_0.updated_at from products p1_0 where p1_0.product_code=?
2026-05-15T07:41:06.748+07:00 DEBUG 27320 --- [           main] org.hibernate.SQL                        : insert into products (brand_id,category_id,created_at,description,image,is_featured,is_staple,product_name,origin_country,product_code,short_description,status,updated_at) values (?,?,?,?,?,?,?,?,?,?,?,?,?) returning product_id
2026-05-15T07:41:06.860+07:00 DEBUG 27320 --- [           main] org.hibernate.SQL                        : select pv1_0.variant_id,pv1_0.barcode,pv1_0.color,pv1_0.compare_at_price,pv1_0.cost_price,pv1_0.created_at,pv1_0.net_price,pv1_0.package_size,pv1_0.product_id,pv1_0.size,pv1_0.sku,pv1_0.status,pv1_0.unit,pv1_0.updated_at,pv1_0.variant_name,pv1_0.vat_percent,pv1_0.weight_gram from product_variants pv1_0 where pv1_0.sku=?
2026-05-15T07:41:06.971+07:00 DEBUG 27320 --- [           main] org.hibernate.SQL                        : insert into product_variants (barcode,color,compare_at_price,cost_price,created_at,net_price,package_size,product_id,size,sku,status,unit,updated_at,variant_name,vat_percent,weight_gram) values (?,?,?,?,?,?,?,?,?,?,?,?,?,?,?,?) returning variant_id
2026-05-15T07:41:07.083+07:00 DEBUG 27320 --- [           main] org.hibernate.SQL                        : select is1_0.id,is1_0.available_quantity,is1_0.reserved_quantity,is1_0.updated_at,is1_0.variant_id,is1_0.warehouse_id from inventory_stocks is1_0 where is1_0.warehouse_id=? and is1_0.variant_id=? for no key update
2026-05-15T07:41:07.194+07:00 DEBUG 27320 --- [           main] org.hibernate.SQL                        : insert into inventory_stocks (available_quantity,reserved_quantity,updated_at,variant_id,warehouse_id) values (?,?,?,?,?) returning id
2026-05-15T07:41:07.306+07:00 DEBUG 27320 --- [           main] org.hibernate.SQL                        : select p1_0.product_id,p1_0.brand_id,p1_0.category_id,p1_0.created_at,p1_0.description,p1_0.image,p1_0.is_featured,p1_0.is_staple,p1_0.product_name,p1_0.origin_country,p1_0.product_code,p1_0.short_description,p1_0.status,p1_0.updated_at from products p1_0 where p1_0.product_code=?
2026-05-15T07:41:07.416+07:00 DEBUG 27320 --- [           main] org.hibernate.SQL                        : insert into products (brand_id,category_id,created_at,description,image,is_featured,is_staple,product_name,origin_country,product_code,short_description,status,updated_at) values (?,?,?,?,?,?,?,?,?,?,?,?,?) returning product_id
2026-05-15T07:41:07.527+07:00 DEBUG 27320 --- [           main] org.hibernate.SQL                        : select pv1_0.variant_id,pv1_0.barcode,pv1_0.color,pv1_0.compare_at_price,pv1_0.cost_price,pv1_0.created_at,pv1_0.net_price,pv1_0.package_size,pv1_0.product_id,pv1_0.size,pv1_0.sku,pv1_0.status,pv1_0.unit,pv1_0.updated_at,pv1_0.variant_name,pv1_0.vat_percent,pv1_0.weight_gram from product_variants pv1_0 where pv1_0.sku=?
2026-05-15T07:41:07.637+07:00 DEBUG 27320 --- [           main] org.hibernate.SQL                        : insert into product_variants (barcode,color,compare_at_price,cost_price,created_at,net_price,package_size,product_id,size,sku,status,unit,updated_at,variant_name,vat_percent,weight_gram) values (?,?,?,?,?,?,?,?,?,?,?,?,?,?,?,?) returning variant_id
2026-05-15T07:41:07.748+07:00 DEBUG 27320 --- [           main] org.hibernate.SQL                        : select is1_0.id,is1_0.available_quantity,is1_0.reserved_quantity,is1_0.updated_at,is1_0.variant_id,is1_0.warehouse_id from inventory_stocks is1_0 where is1_0.warehouse_id=? and is1_0.variant_id=? for no key update
2026-05-15T07:41:07.858+07:00 DEBUG 27320 --- [           main] org.hibernate.SQL                        : insert into inventory_stocks (available_quantity,reserved_quantity,updated_at,variant_id,warehouse_id) values (?,?,?,?,?) returning id
2026-05-15T07:41:07.970+07:00 DEBUG 27320 --- [           main] org.hibernate.SQL                        : select p1_0.product_id,p1_0.brand_id,p1_0.category_id,p1_0.created_at,p1_0.description,p1_0.image,p1_0.is_featured,p1_0.is_staple,p1_0.product_name,p1_0.origin_country,p1_0.product_code,p1_0.short_description,p1_0.status,p1_0.updated_at from products p1_0 where p1_0.product_code=?
2026-05-15T07:41:08.081+07:00 DEBUG 27320 --- [           main] org.hibernate.SQL                        : insert into products (brand_id,category_id,created_at,description,image,is_featured,is_staple,product_name,origin_country,product_code,short_description,status,updated_at) values (?,?,?,?,?,?,?,?,?,?,?,?,?) returning product_id
2026-05-15T07:41:08.193+07:00 DEBUG 27320 --- [           main] org.hibernate.SQL                        : select pv1_0.variant_id,pv1_0.barcode,pv1_0.color,pv1_0.compare_at_price,pv1_0.cost_price,pv1_0.created_at,pv1_0.net_price,pv1_0.package_size,pv1_0.product_id,pv1_0.size,pv1_0.sku,pv1_0.status,pv1_0.unit,pv1_0.updated_at,pv1_0.variant_name,pv1_0.vat_percent,pv1_0.weight_gram from product_variants pv1_0 where pv1_0.sku=?
2026-05-15T07:41:08.305+07:00 DEBUG 27320 --- [           main] org.hibernate.SQL                        : insert into product_variants (barcode,color,compare_at_price,cost_price,created_at,net_price,package_size,product_id,size,sku,status,unit,updated_at,variant_name,vat_percent,weight_gram) values (?,?,?,?,?,?,?,?,?,?,?,?,?,?,?,?) returning variant_id
2026-05-15T07:41:08.417+07:00 DEBUG 27320 --- [           main] org.hibernate.SQL                        : select is1_0.id,is1_0.available_quantity,is1_0.reserved_quantity,is1_0.updated_at,is1_0.variant_id,is1_0.warehouse_id from inventory_stocks is1_0 where is1_0.warehouse_id=? and is1_0.variant_id=? for no key update
2026-05-15T07:41:08.527+07:00 DEBUG 27320 --- [           main] org.hibernate.SQL                        : insert into inventory_stocks (available_quantity,reserved_quantity,updated_at,variant_id,warehouse_id) values (?,?,?,?,?) returning id
2026-05-15T07:41:08.638+07:00 DEBUG 27320 --- [           main] org.hibernate.SQL                        : select p1_0.product_id,p1_0.brand_id,p1_0.category_id,p1_0.created_at,p1_0.description,p1_0.image,p1_0.is_featured,p1_0.is_staple,p1_0.product_name,p1_0.origin_country,p1_0.product_code,p1_0.short_description,p1_0.status,p1_0.updated_at from products p1_0 where p1_0.product_code=?
2026-05-15T07:41:08.746+07:00 DEBUG 27320 --- [           main] org.hibernate.SQL                        : insert into products (brand_id,category_id,created_at,description,image,is_featured,is_staple,product_name,origin_country,product_code,short_description,status,updated_at) values (?,?,?,?,?,?,?,?,?,?,?,?,?) returning product_id
2026-05-15T07:41:08.858+07:00 DEBUG 27320 --- [           main] org.hibernate.SQL                        : select pv1_0.variant_id,pv1_0.barcode,pv1_0.color,pv1_0.compare_at_price,pv1_0.cost_price,pv1_0.created_at,pv1_0.net_price,pv1_0.package_size,pv1_0.product_id,pv1_0.size,pv1_0.sku,pv1_0.status,pv1_0.unit,pv1_0.updated_at,pv1_0.variant_name,pv1_0.vat_percent,pv1_0.weight_gram from product_variants pv1_0 where pv1_0.sku=?
2026-05-15T07:41:08.969+07:00 DEBUG 27320 --- [           main] org.hibernate.SQL                        : insert into product_variants (barcode,color,compare_at_price,cost_price,created_at,net_price,package_size,product_id,size,sku,status,unit,updated_at,variant_name,vat_percent,weight_gram) values (?,?,?,?,?,?,?,?,?,?,?,?,?,?,?,?) returning variant_id
2026-05-15T07:41:09.081+07:00 DEBUG 27320 --- [           main] org.hibernate.SQL                        : select is1_0.id,is1_0.available_quantity,is1_0.reserved_quantity,is1_0.updated_at,is1_0.variant_id,is1_0.warehouse_id from inventory_stocks is1_0 where is1_0.warehouse_id=? and is1_0.variant_id=? for no key update
2026-05-15T07:41:09.190+07:00 DEBUG 27320 --- [           main] org.hibernate.SQL                        : insert into inventory_stocks (available_quantity,reserved_quantity,updated_at,variant_id,warehouse_id) values (?,?,?,?,?) returning id
2026-05-15T07:41:09.301+07:00 DEBUG 27320 --- [           main] org.hibernate.SQL                        : select p1_0.product_id,p1_0.brand_id,p1_0.category_id,p1_0.created_at,p1_0.description,p1_0.image,p1_0.is_featured,p1_0.is_staple,p1_0.product_name,p1_0.origin_country,p1_0.product_code,p1_0.short_description,p1_0.status,p1_0.updated_at from products p1_0 where p1_0.product_code=?
2026-05-15T07:41:09.411+07:00 DEBUG 27320 --- [           main] org.hibernate.SQL                        : insert into products (brand_id,category_id,created_at,description,image,is_featured,is_staple,product_name,origin_country,product_code,short_description,status,updated_at) values (?,?,?,?,?,?,?,?,?,?,?,?,?) returning product_id
2026-05-15T07:41:09.523+07:00 DEBUG 27320 --- [           main] org.hibernate.SQL                        : select pv1_0.variant_id,pv1_0.barcode,pv1_0.color,pv1_0.compare_at_price,pv1_0.cost_price,pv1_0.created_at,pv1_0.net_price,pv1_0.package_size,pv1_0.product_id,pv1_0.size,pv1_0.sku,pv1_0.status,pv1_0.unit,pv1_0.updated_at,pv1_0.variant_name,pv1_0.vat_percent,pv1_0.weight_gram from product_variants pv1_0 where pv1_0.sku=?
2026-05-15T07:41:09.635+07:00 DEBUG 27320 --- [           main] org.hibernate.SQL                        : insert into product_variants (barcode,color,compare_at_price,cost_price,created_at,net_price,package_size,product_id,size,sku,status,unit,updated_at,variant_name,vat_percent,weight_gram) values (?,?,?,?,?,?,?,?,?,?,?,?,?,?,?,?) returning variant_id
2026-05-15T07:41:09.748+07:00 DEBUG 27320 --- [           main] org.hibernate.SQL                        : select is1_0.id,is1_0.available_quantity,is1_0.reserved_quantity,is1_0.updated_at,is1_0.variant_id,is1_0.warehouse_id from inventory_stocks is1_0 where is1_0.warehouse_id=? and is1_0.variant_id=? for no key update
2026-05-15T07:41:09.858+07:00 DEBUG 27320 --- [           main] org.hibernate.SQL                        : insert into inventory_stocks (available_quantity,reserved_quantity,updated_at,variant_id,warehouse_id) values (?,?,?,?,?) returning id
2026-05-15T07:41:09.971+07:00 DEBUG 27320 --- [           main] org.hibernate.SQL                        : select p1_0.product_id,p1_0.brand_id,p1_0.category_id,p1_0.created_at,p1_0.description,p1_0.image,p1_0.is_featured,p1_0.is_staple,p1_0.product_name,p1_0.origin_country,p1_0.product_code,p1_0.short_description,p1_0.status,p1_0.updated_at from products p1_0 where p1_0.product_code=?
2026-05-15T07:41:10.080+07:00 DEBUG 27320 --- [           main] org.hibernate.SQL                        : insert into products (brand_id,category_id,created_at,description,image,is_featured,is_staple,product_name,origin_country,product_code,short_description,status,updated_at) values (?,?,?,?,?,?,?,?,?,?,?,?,?) returning product_id
2026-05-15T07:41:10.190+07:00 DEBUG 27320 --- [           main] org.hibernate.SQL                        : select pv1_0.variant_id,pv1_0.barcode,pv1_0.color,pv1_0.compare_at_price,pv1_0.cost_price,pv1_0.created_at,pv1_0.net_price,pv1_0.package_size,pv1_0.product_id,pv1_0.size,pv1_0.sku,pv1_0.status,pv1_0.unit,pv1_0.updated_at,pv1_0.variant_name,pv1_0.vat_percent,pv1_0.weight_gram from product_variants pv1_0 where pv1_0.sku=?
2026-05-15T07:41:10.301+07:00 DEBUG 27320 --- [           main] org.hibernate.SQL                        : insert into product_variants (barcode,color,compare_at_price,cost_price,created_at,net_price,package_size,product_id,size,sku,status,unit,updated_at,variant_name,vat_percent,weight_gram) values (?,?,?,?,?,?,?,?,?,?,?,?,?,?,?,?) returning variant_id
2026-05-15T07:41:10.412+07:00 DEBUG 27320 --- [           main] org.hibernate.SQL                        : select is1_0.id,is1_0.available_quantity,is1_0.reserved_quantity,is1_0.updated_at,is1_0.variant_id,is1_0.warehouse_id from inventory_stocks is1_0 where is1_0.warehouse_id=? and is1_0.variant_id=? for no key update
2026-05-15T07:41:10.522+07:00 DEBUG 27320 --- [           main] org.hibernate.SQL                        : insert into inventory_stocks (available_quantity,reserved_quantity,updated_at,variant_id,warehouse_id) values (?,?,?,?,?) returning id
2026-05-15T07:41:10.633+07:00 DEBUG 27320 --- [           main] org.hibernate.SQL                        : select p1_0.product_id,p1_0.brand_id,p1_0.category_id,p1_0.created_at,p1_0.description,p1_0.image,p1_0.is_featured,p1_0.is_staple,p1_0.product_name,p1_0.origin_country,p1_0.product_code,p1_0.short_description,p1_0.status,p1_0.updated_at from products p1_0 where p1_0.product_code=?
2026-05-15T07:41:10.743+07:00 DEBUG 27320 --- [           main] org.hibernate.SQL                        : insert into products (brand_id,category_id,created_at,description,image,is_featured,is_staple,product_name,origin_country,product_code,short_description,status,updated_at) values (?,?,?,?,?,?,?,?,?,?,?,?,?) returning product_id
2026-05-15T07:41:10.855+07:00 DEBUG 27320 --- [           main] org.hibernate.SQL                        : select pv1_0.variant_id,pv1_0.barcode,pv1_0.color,pv1_0.compare_at_price,pv1_0.cost_price,pv1_0.created_at,pv1_0.net_price,pv1_0.package_size,pv1_0.product_id,pv1_0.size,pv1_0.sku,pv1_0.status,pv1_0.unit,pv1_0.updated_at,pv1_0.variant_name,pv1_0.vat_percent,pv1_0.weight_gram from product_variants pv1_0 where pv1_0.sku=?
2026-05-15T07:41:10.965+07:00 DEBUG 27320 --- [           main] org.hibernate.SQL                        : insert into product_variants (barcode,color,compare_at_price,cost_price,created_at,net_price,package_size,product_id,size,sku,status,unit,updated_at,variant_name,vat_percent,weight_gram) values (?,?,?,?,?,?,?,?,?,?,?,?,?,?,?,?) returning variant_id
2026-05-15T07:41:11.076+07:00 DEBUG 27320 --- [           main] org.hibernate.SQL                        : select is1_0.id,is1_0.available_quantity,is1_0.reserved_quantity,is1_0.updated_at,is1_0.variant_id,is1_0.warehouse_id from inventory_stocks is1_0 where is1_0.warehouse_id=? and is1_0.variant_id=? for no key update
2026-05-15T07:41:11.185+07:00 DEBUG 27320 --- [           main] org.hibernate.SQL                        : insert into inventory_stocks (available_quantity,reserved_quantity,updated_at,variant_id,warehouse_id) values (?,?,?,?,?) returning id
2026-05-15T07:41:11.297+07:00 DEBUG 27320 --- [           main] org.hibernate.SQL                        : select p1_0.product_id,p1_0.brand_id,p1_0.category_id,p1_0.created_at,p1_0.description,p1_0.image,p1_0.is_featured,p1_0.is_staple,p1_0.product_name,p1_0.origin_country,p1_0.product_code,p1_0.short_description,p1_0.status,p1_0.updated_at from products p1_0 where p1_0.product_code=?
2026-05-15T07:41:11.411+07:00 DEBUG 27320 --- [           main] org.hibernate.SQL                        : insert into products (brand_id,category_id,created_at,description,image,is_featured,is_staple,product_name,origin_country,product_code,short_description,status,updated_at) values (?,?,?,?,?,?,?,?,?,?,?,?,?) returning product_id
2026-05-15T07:41:11.523+07:00 DEBUG 27320 --- [   scheduling-1] org.hibernate.SQL                        : update orders o1_0 set assignee_id=null,lease_expires_at=null,status=? where o1_0.status in (?,?) and o1_0.lease_expires_at is not null and o1_0.lease_expires_at<?
2026-05-15T07:41:11.523+07:00 DEBUG 27320 --- [           main] org.hibernate.SQL                        : select pv1_0.variant_id,pv1_0.barcode,pv1_0.color,pv1_0.compare_at_price,pv1_0.cost_price,pv1_0.created_at,pv1_0.net_price,pv1_0.package_size,pv1_0.product_id,pv1_0.size,pv1_0.sku,pv1_0.status,pv1_0.unit,pv1_0.updated_at,pv1_0.variant_name,pv1_0.vat_percent,pv1_0.weight_gram from product_variants pv1_0 where pv1_0.sku=?
2026-05-15T07:41:11.634+07:00 DEBUG 27320 --- [           main] org.hibernate.SQL                        : insert into product_variants (barcode,color,compare_at_price,cost_price,created_at,net_price,package_size,product_id,size,sku,status,unit,updated_at,variant_name,vat_percent,weight_gram) values (?,?,?,?,?,?,?,?,?,?,?,?,?,?,?,?) returning variant_id
2026-05-15T07:41:11.640+07:00 DEBUG 27320 --- [   scheduling-1] org.hibernate.SQL                        : select o1_0.order_id,o1_0.address_id,o1_0.assigned_at,o1_0.assignee_id,o1_0.created_at,o1_0.customer_note,o1_0.delivered_at,o1_0.delivery_photo_url,o1_0.discount_amount,o1_0.internal_note,o1_0.lease_expires_at,o1_0.order_number,o1_0.packing_photo_url,o1_0.payment_method,o1_0.payment_status,o1_0.picked_at,o1_0.shipping_fee,o1_0.status,o1_0.subtotal,o1_0.tax_amount,o1_0.total_amount,o1_0.updated_at,o1_0.user_id from orders o1_0 where o1_0.status in (?,?) and o1_0.assignee_id is not null order by o1_0.updated_at
2026-05-15T07:41:11.747+07:00 DEBUG 27320 --- [           main] org.hibernate.SQL                        : select is1_0.id,is1_0.available_quantity,is1_0.reserved_quantity,is1_0.updated_at,is1_0.variant_id,is1_0.warehouse_id from inventory_stocks is1_0 where is1_0.warehouse_id=? and is1_0.variant_id=? for no key update
2026-05-15T07:41:11.757+07:00 DEBUG 27320 --- [   scheduling-1] org.hibernate.SQL                        : select o1_0.order_id,o1_0.address_id,o1_0.assigned_at,o1_0.assignee_id,o1_0.created_at,o1_0.customer_note,o1_0.delivered_at,o1_0.delivery_photo_url,o1_0.discount_amount,o1_0.internal_note,o1_0.lease_expires_at,o1_0.order_number,o1_0.packing_photo_url,o1_0.payment_method,o1_0.payment_status,o1_0.picked_at,o1_0.shipping_fee,o1_0.status,o1_0.subtotal,o1_0.tax_amount,o1_0.total_amount,o1_0.updated_at,o1_0.user_id from orders o1_0 where o1_0.status=? and (o1_0.assignee_id is null or o1_0.lease_expires_at is null or o1_0.lease_expires_at<?) order by o1_0.created_at
2026-05-15T07:41:11.858+07:00 DEBUG 27320 --- [           main] org.hibernate.SQL                        : insert into inventory_stocks (available_quantity,reserved_quantity,updated_at,variant_id,warehouse_id) values (?,?,?,?,?) returning id
2026-05-15T07:41:11.879+07:00 DEBUG 27320 --- [   scheduling-1] org.hibernate.SQL                        : select u1_0.user_id,u1_0.avatar_url,u1_0.created_at,u1_0.email,u1_0.fcm_token,u1_0.firebase_uid,u1_0.full_name,u1_0.last_login,u1_0.password_hash,u1_0.phone,u1_0.role_id,u1_0.status,u1_0.updated_at from users u1_0 left join roles r1_0 on r1_0.role_id=u1_0.role_id where r1_0.role_name=? and u1_0.status=?
2026-05-15T07:41:11.970+07:00 DEBUG 27320 --- [           main] org.hibernate.SQL                        : select p1_0.product_id,p1_0.brand_id,p1_0.category_id,p1_0.created_at,p1_0.description,p1_0.image,p1_0.is_featured,p1_0.is_staple,p1_0.product_name,p1_0.origin_country,p1_0.product_code,p1_0.short_description,p1_0.status,p1_0.updated_at from products p1_0 where p1_0.product_code=?
2026-05-15T07:41:11.996+07:00 DEBUG 27320 --- [   scheduling-1] org.hibernate.SQL                        : select ar1_0.id,ar1_0.block_number,ar1_0.check_in_at,ar1_0.check_in_status,ar1_0.check_out_at,ar1_0.check_out_status,ar1_0.created_at,ar1_0.latitude,ar1_0.longitude,ar1_0.note,ar1_0.shift_type,ar1_0.updated_at,ar1_0.user_id,ar1_0.work_date from attendance_records ar1_0 where ar1_0.user_id=? and ar1_0.work_date=? and ar1_0.check_in_at is not null and ar1_0.check_out_at is null
2026-05-15T07:41:12.080+07:00 DEBUG 27320 --- [           main] org.hibernate.SQL                        : insert into products (brand_id,category_id,created_at,description,image,is_featured,is_staple,product_name,origin_country,product_code,short_description,status,updated_at) values (?,?,?,?,?,?,?,?,?,?,?,?,?) returning product_id
2026-05-15T07:41:12.190+07:00 DEBUG 27320 --- [           main] org.hibernate.SQL                        : select pv1_0.variant_id,pv1_0.barcode,pv1_0.color,pv1_0.compare_at_price,pv1_0.cost_price,pv1_0.created_at,pv1_0.net_price,pv1_0.package_size,pv1_0.product_id,pv1_0.size,pv1_0.sku,pv1_0.status,pv1_0.unit,pv1_0.updated_at,pv1_0.variant_name,pv1_0.vat_percent,pv1_0.weight_gram from product_variants pv1_0 where pv1_0.sku=?
2026-05-15T07:41:12.301+07:00 DEBUG 27320 --- [           main] org.hibernate.SQL                        : insert into product_variants (barcode,color,compare_at_price,cost_price,created_at,net_price,package_size,product_id,size,sku,status,unit,updated_at,variant_name,vat_percent,weight_gram) values (?,?,?,?,?,?,?,?,?,?,?,?,?,?,?,?) returning variant_id
2026-05-15T07:41:12.412+07:00 DEBUG 27320 --- [           main] org.hibernate.SQL                        : select is1_0.id,is1_0.available_quantity,is1_0.reserved_quantity,is1_0.updated_at,is1_0.variant_id,is1_0.warehouse_id from inventory_stocks is1_0 where is1_0.warehouse_id=? and is1_0.variant_id=? for no key update
2026-05-15T07:41:12.522+07:00 DEBUG 27320 --- [           main] org.hibernate.SQL                        : insert into inventory_stocks (available_quantity,reserved_quantity,updated_at,variant_id,warehouse_id) values (?,?,?,?,?) returning id
2026-05-15T07:41:12.633+07:00 DEBUG 27320 --- [           main] org.hibernate.SQL                        : select p1_0.product_id,p1_0.brand_id,p1_0.category_id,p1_0.created_at,p1_0.description,p1_0.image,p1_0.is_featured,p1_0.is_staple,p1_0.product_name,p1_0.origin_country,p1_0.product_code,p1_0.short_description,p1_0.status,p1_0.updated_at from products p1_0 where p1_0.product_code=?
2026-05-15T07:41:12.741+07:00 DEBUG 27320 --- [           main] org.hibernate.SQL                        : insert into products (brand_id,category_id,created_at,description,image,is_featured,is_staple,product_name,origin_country,product_code,short_description,status,updated_at) values (?,?,?,?,?,?,?,?,?,?,?,?,?) returning product_id
2026-05-15T07:41:12.855+07:00 DEBUG 27320 --- [           main] org.hibernate.SQL                        : select pv1_0.variant_id,pv1_0.barcode,pv1_0.color,pv1_0.compare_at_price,pv1_0.cost_price,pv1_0.created_at,pv1_0.net_price,pv1_0.package_size,pv1_0.product_id,pv1_0.size,pv1_0.sku,pv1_0.status,pv1_0.unit,pv1_0.updated_at,pv1_0.variant_name,pv1_0.vat_percent,pv1_0.weight_gram from product_variants pv1_0 where pv1_0.sku=?
2026-05-15T07:41:12.965+07:00 DEBUG 27320 --- [           main] org.hibernate.SQL                        : insert into product_variants (barcode,color,compare_at_price,cost_price,created_at,net_price,package_size,product_id,size,sku,status,unit,updated_at,variant_name,vat_percent,weight_gram) values (?,?,?,?,?,?,?,?,?,?,?,?,?,?,?,?) returning variant_id
2026-05-15T07:41:13.076+07:00 DEBUG 27320 --- [           main] org.hibernate.SQL                        : select is1_0.id,is1_0.available_quantity,is1_0.reserved_quantity,is1_0.updated_at,is1_0.variant_id,is1_0.warehouse_id from inventory_stocks is1_0 where is1_0.warehouse_id=? and is1_0.variant_id=? for no key update
2026-05-15T07:41:13.185+07:00 DEBUG 27320 --- [           main] org.hibernate.SQL                        : insert into inventory_stocks (available_quantity,reserved_quantity,updated_at,variant_id,warehouse_id) values (?,?,?,?,?) returning id
2026-05-15T07:41:13.299+07:00 DEBUG 27320 --- [           main] org.hibernate.SQL                        : select p1_0.product_id,p1_0.brand_id,p1_0.category_id,p1_0.created_at,p1_0.description,p1_0.image,p1_0.is_featured,p1_0.is_staple,p1_0.product_name,p1_0.origin_country,p1_0.product_code,p1_0.short_description,p1_0.status,p1_0.updated_at from products p1_0 where p1_0.product_code=?
2026-05-15T07:41:13.411+07:00 DEBUG 27320 --- [           main] org.hibernate.SQL                        : insert into products (brand_id,category_id,created_at,description,image,is_featured,is_staple,product_name,origin_country,product_code,short_description,status,updated_at) values (?,?,?,?,?,?,?,?,?,?,?,?,?) returning product_id
2026-05-15T07:41:13.522+07:00 DEBUG 27320 --- [           main] org.hibernate.SQL                        : select pv1_0.variant_id,pv1_0.barcode,pv1_0.color,pv1_0.compare_at_price,pv1_0.cost_price,pv1_0.created_at,pv1_0.net_price,pv1_0.package_size,pv1_0.product_id,pv1_0.size,pv1_0.sku,pv1_0.status,pv1_0.unit,pv1_0.updated_at,pv1_0.variant_name,pv1_0.vat_percent,pv1_0.weight_gram from product_variants pv1_0 where pv1_0.sku=?
2026-05-15T07:41:13.633+07:00 DEBUG 27320 --- [           main] org.hibernate.SQL                        : insert into product_variants (barcode,color,compare_at_price,cost_price,created_at,net_price,package_size,product_id,size,sku,status,unit,updated_at,variant_name,vat_percent,weight_gram) values (?,?,?,?,?,?,?,?,?,?,?,?,?,?,?,?) returning variant_id
2026-05-15T07:41:13.744+07:00 DEBUG 27320 --- [           main] org.hibernate.SQL                        : select is1_0.id,is1_0.available_quantity,is1_0.reserved_quantity,is1_0.updated_at,is1_0.variant_id,is1_0.warehouse_id from inventory_stocks is1_0 where is1_0.warehouse_id=? and is1_0.variant_id=? for no key update
2026-05-15T07:41:13.854+07:00 DEBUG 27320 --- [           main] org.hibernate.SQL                        : insert into inventory_stocks (available_quantity,reserved_quantity,updated_at,variant_id,warehouse_id) values (?,?,?,?,?) returning id
2026-05-15T07:41:13.965+07:00 DEBUG 27320 --- [           main] org.hibernate.SQL                        : select p1_0.product_id,p1_0.brand_id,p1_0.category_id,p1_0.created_at,p1_0.description,p1_0.image,p1_0.is_featured,p1_0.is_staple,p1_0.product_name,p1_0.origin_country,p1_0.product_code,p1_0.short_description,p1_0.status,p1_0.updated_at from products p1_0 where p1_0.product_code=?
2026-05-15T07:41:14.075+07:00 DEBUG 27320 --- [           main] org.hibernate.SQL                        : insert into products (brand_id,category_id,created_at,description,image,is_featured,is_staple,product_name,origin_country,product_code,short_description,status,updated_at) values (?,?,?,?,?,?,?,?,?,?,?,?,?) returning product_id
2026-05-15T07:41:14.186+07:00 DEBUG 27320 --- [           main] org.hibernate.SQL                        : select pv1_0.variant_id,pv1_0.barcode,pv1_0.color,pv1_0.compare_at_price,pv1_0.cost_price,pv1_0.created_at,pv1_0.net_price,pv1_0.package_size,pv1_0.product_id,pv1_0.size,pv1_0.sku,pv1_0.status,pv1_0.unit,pv1_0.updated_at,pv1_0.variant_name,pv1_0.vat_percent,pv1_0.weight_gram from product_variants pv1_0 where pv1_0.sku=?
2026-05-15T07:41:14.296+07:00 DEBUG 27320 --- [           main] org.hibernate.SQL                        : insert into product_variants (barcode,color,compare_at_price,cost_price,created_at,net_price,package_size,product_id,size,sku,status,unit,updated_at,variant_name,vat_percent,weight_gram) values (?,?,?,?,?,?,?,?,?,?,?,?,?,?,?,?) returning variant_id
2026-05-15T07:41:14.408+07:00 DEBUG 27320 --- [           main] org.hibernate.SQL                        : select is1_0.id,is1_0.available_quantity,is1_0.reserved_quantity,is1_0.updated_at,is1_0.variant_id,is1_0.warehouse_id from inventory_stocks is1_0 where is1_0.warehouse_id=? and is1_0.variant_id=? for no key update
2026-05-15T07:41:14.518+07:00 DEBUG 27320 --- [           main] org.hibernate.SQL                        : insert into inventory_stocks (available_quantity,reserved_quantity,updated_at,variant_id,warehouse_id) values (?,?,?,?,?) returning id
2026-05-15T07:41:14.630+07:00 DEBUG 27320 --- [           main] org.hibernate.SQL                        : select p1_0.product_id,p1_0.brand_id,p1_0.category_id,p1_0.created_at,p1_0.description,p1_0.image,p1_0.is_featured,p1_0.is_staple,p1_0.product_name,p1_0.origin_country,p1_0.product_code,p1_0.short_description,p1_0.status,p1_0.updated_at from products p1_0 where p1_0.product_code=?
2026-05-15T07:41:14.740+07:00 DEBUG 27320 --- [           main] org.hibernate.SQL                        : insert into products (brand_id,category_id,created_at,description,image,is_featured,is_staple,product_name,origin_country,product_code,short_description,status,updated_at) values (?,?,?,?,?,?,?,?,?,?,?,?,?) returning product_id
2026-05-15T07:41:14.852+07:00 DEBUG 27320 --- [           main] org.hibernate.SQL                        : select pv1_0.variant_id,pv1_0.barcode,pv1_0.color,pv1_0.compare_at_price,pv1_0.cost_price,pv1_0.created_at,pv1_0.net_price,pv1_0.package_size,pv1_0.product_id,pv1_0.size,pv1_0.sku,pv1_0.status,pv1_0.unit,pv1_0.updated_at,pv1_0.variant_name,pv1_0.vat_percent,pv1_0.weight_gram from product_variants pv1_0 where pv1_0.sku=?
2026-05-15T07:41:14.963+07:00 DEBUG 27320 --- [           main] org.hibernate.SQL                        : insert into product_variants (barcode,color,compare_at_price,cost_price,created_at,net_price,package_size,product_id,size,sku,status,unit,updated_at,variant_name,vat_percent,weight_gram) values (?,?,?,?,?,?,?,?,?,?,?,?,?,?,?,?) returning variant_id
2026-05-15T07:41:15.076+07:00 DEBUG 27320 --- [           main] org.hibernate.SQL                        : select is1_0.id,is1_0.available_quantity,is1_0.reserved_quantity,is1_0.updated_at,is1_0.variant_id,is1_0.warehouse_id from inventory_stocks is1_0 where is1_0.warehouse_id=? and is1_0.variant_id=? for no key update
2026-05-15T07:41:15.193+07:00 DEBUG 27320 --- [           main] org.hibernate.SQL                        : insert into inventory_stocks (available_quantity,reserved_quantity,updated_at,variant_id,warehouse_id) values (?,?,?,?,?) returning id
2026-05-15T07:41:15.307+07:00 DEBUG 27320 --- [           main] org.hibernate.SQL                        : select p1_0.product_id,p1_0.brand_id,p1_0.category_id,p1_0.created_at,p1_0.description,p1_0.image,p1_0.is_featured,p1_0.is_staple,p1_0.product_name,p1_0.origin_country,p1_0.product_code,p1_0.short_description,p1_0.status,p1_0.updated_at from products p1_0 where p1_0.product_code=?
2026-05-15T07:41:15.420+07:00 DEBUG 27320 --- [           main] org.hibernate.SQL                        : insert into products (brand_id,category_id,created_at,description,image,is_featured,is_staple,product_name,origin_country,product_code,short_description,status,updated_at) values (?,?,?,?,?,?,?,?,?,?,?,?,?) returning product_id
2026-05-15T07:41:15.535+07:00 DEBUG 27320 --- [           main] org.hibernate.SQL                        : select pv1_0.variant_id,pv1_0.barcode,pv1_0.color,pv1_0.compare_at_price,pv1_0.cost_price,pv1_0.created_at,pv1_0.net_price,pv1_0.package_size,pv1_0.product_id,pv1_0.size,pv1_0.sku,pv1_0.status,pv1_0.unit,pv1_0.updated_at,pv1_0.variant_name,pv1_0.vat_percent,pv1_0.weight_gram from product_variants pv1_0 where pv1_0.sku=?
2026-05-15T07:41:15.645+07:00 DEBUG 27320 --- [           main] org.hibernate.SQL                        : insert into product_variants (barcode,color,compare_at_price,cost_price,created_at,net_price,package_size,product_id,size,sku,status,unit,updated_at,variant_name,vat_percent,weight_gram) values (?,?,?,?,?,?,?,?,?,?,?,?,?,?,?,?) returning variant_id
2026-05-15T07:41:15.763+07:00 DEBUG 27320 --- [           main] org.hibernate.SQL                        : select is1_0.id,is1_0.available_quantity,is1_0.reserved_quantity,is1_0.updated_at,is1_0.variant_id,is1_0.warehouse_id from inventory_stocks is1_0 where is1_0.warehouse_id=? and is1_0.variant_id=? for no key update
2026-05-15T07:41:15.873+07:00 DEBUG 27320 --- [           main] org.hibernate.SQL                        : insert into inventory_stocks (available_quantity,reserved_quantity,updated_at,variant_id,warehouse_id) values (?,?,?,?,?) returning id
2026-05-15T07:41:15.985+07:00 DEBUG 27320 --- [           main] org.hibernate.SQL                        : select p1_0.product_id,p1_0.brand_id,p1_0.category_id,p1_0.created_at,p1_0.description,p1_0.image,p1_0.is_featured,p1_0.is_staple,p1_0.product_name,p1_0.origin_country,p1_0.product_code,p1_0.short_description,p1_0.status,p1_0.updated_at from products p1_0 where p1_0.product_code=?
2026-05-15T07:41:16.095+07:00 DEBUG 27320 --- [           main] org.hibernate.SQL                        : insert into products (brand_id,category_id,created_at,description,image,is_featured,is_staple,product_name,origin_country,product_code,short_description,status,updated_at) values (?,?,?,?,?,?,?,?,?,?,?,?,?) returning product_id
2026-05-15T07:41:16.207+07:00 DEBUG 27320 --- [           main] org.hibernate.SQL                        : select pv1_0.variant_id,pv1_0.barcode,pv1_0.color,pv1_0.compare_at_price,pv1_0.cost_price,pv1_0.created_at,pv1_0.net_price,pv1_0.package_size,pv1_0.product_id,pv1_0.size,pv1_0.sku,pv1_0.status,pv1_0.unit,pv1_0.updated_at,pv1_0.variant_name,pv1_0.vat_percent,pv1_0.weight_gram from product_variants pv1_0 where pv1_0.sku=?
2026-05-15T07:41:16.317+07:00 DEBUG 27320 --- [           main] org.hibernate.SQL                        : insert into product_variants (barcode,color,compare_at_price,cost_price,created_at,net_price,package_size,product_id,size,sku,status,unit,updated_at,variant_name,vat_percent,weight_gram) values (?,?,?,?,?,?,?,?,?,?,?,?,?,?,?,?) returning variant_id
2026-05-15T07:41:16.431+07:00 DEBUG 27320 --- [           main] org.hibernate.SQL                        : select is1_0.id,is1_0.available_quantity,is1_0.reserved_quantity,is1_0.updated_at,is1_0.variant_id,is1_0.warehouse_id from inventory_stocks is1_0 where is1_0.warehouse_id=? and is1_0.variant_id=? for no key update
2026-05-15T07:41:16.540+07:00 DEBUG 27320 --- [           main] org.hibernate.SQL                        : insert into inventory_stocks (available_quantity,reserved_quantity,updated_at,variant_id,warehouse_id) values (?,?,?,?,?) returning id
2026-05-15T07:41:16.652+07:00 DEBUG 27320 --- [           main] org.hibernate.SQL                        : select p1_0.product_id,p1_0.brand_id,p1_0.category_id,p1_0.created_at,p1_0.description,p1_0.image,p1_0.is_featured,p1_0.is_staple,p1_0.product_name,p1_0.origin_country,p1_0.product_code,p1_0.short_description,p1_0.status,p1_0.updated_at from products p1_0 where p1_0.product_code=?
2026-05-15T07:41:16.763+07:00 DEBUG 27320 --- [           main] org.hibernate.SQL                        : insert into products (brand_id,category_id,created_at,description,image,is_featured,is_staple,product_name,origin_country,product_code,short_description,status,updated_at) values (?,?,?,?,?,?,?,?,?,?,?,?,?) returning product_id
2026-05-15T07:41:16.873+07:00 DEBUG 27320 --- [           main] org.hibernate.SQL                        : select pv1_0.variant_id,pv1_0.barcode,pv1_0.color,pv1_0.compare_at_price,pv1_0.cost_price,pv1_0.created_at,pv1_0.net_price,pv1_0.package_size,pv1_0.product_id,pv1_0.size,pv1_0.sku,pv1_0.status,pv1_0.unit,pv1_0.updated_at,pv1_0.variant_name,pv1_0.vat_percent,pv1_0.weight_gram from product_variants pv1_0 where pv1_0.sku=?
2026-05-15T07:41:16.984+07:00 DEBUG 27320 --- [           main] org.hibernate.SQL                        : insert into product_variants (barcode,color,compare_at_price,cost_price,created_at,net_price,package_size,product_id,size,sku,status,unit,updated_at,variant_name,vat_percent,weight_gram) values (?,?,?,?,?,?,?,?,?,?,?,?,?,?,?,?) returning variant_id
2026-05-15T07:41:17.095+07:00 DEBUG 27320 --- [           main] org.hibernate.SQL                        : select is1_0.id,is1_0.available_quantity,is1_0.reserved_quantity,is1_0.updated_at,is1_0.variant_id,is1_0.warehouse_id from inventory_stocks is1_0 where is1_0.warehouse_id=? and is1_0.variant_id=? for no key update
2026-05-15T07:41:17.205+07:00 DEBUG 27320 --- [           main] org.hibernate.SQL                        : insert into inventory_stocks (available_quantity,reserved_quantity,updated_at,variant_id,warehouse_id) values (?,?,?,?,?) returning id
2026-05-15T07:41:17.318+07:00 DEBUG 27320 --- [           main] org.hibernate.SQL                        : select p1_0.product_id,p1_0.brand_id,p1_0.category_id,p1_0.created_at,p1_0.description,p1_0.image,p1_0.is_featured,p1_0.is_staple,p1_0.product_name,p1_0.origin_country,p1_0.product_code,p1_0.short_description,p1_0.status,p1_0.updated_at from products p1_0 where p1_0.product_code=?
2026-05-15T07:41:17.430+07:00 DEBUG 27320 --- [           main] org.hibernate.SQL                        : insert into products (brand_id,category_id,created_at,description,image,is_featured,is_staple,product_name,origin_country,product_code,short_description,status,updated_at) values (?,?,?,?,?,?,?,?,?,?,?,?,?) returning product_id
2026-05-15T07:41:17.545+07:00 DEBUG 27320 --- [           main] org.hibernate.SQL                        : select pv1_0.variant_id,pv1_0.barcode,pv1_0.color,pv1_0.compare_at_price,pv1_0.cost_price,pv1_0.created_at,pv1_0.net_price,pv1_0.package_size,pv1_0.product_id,pv1_0.size,pv1_0.sku,pv1_0.status,pv1_0.unit,pv1_0.updated_at,pv1_0.variant_name,pv1_0.vat_percent,pv1_0.weight_gram from product_variants pv1_0 where pv1_0.sku=?
2026-05-15T07:41:17.656+07:00 DEBUG 27320 --- [           main] org.hibernate.SQL                        : insert into product_variants (barcode,color,compare_at_price,cost_price,created_at,net_price,package_size,product_id,size,sku,status,unit,updated_at,variant_name,vat_percent,weight_gram) values (?,?,?,?,?,?,?,?,?,?,?,?,?,?,?,?) returning variant_id
2026-05-15T07:41:17.768+07:00 DEBUG 27320 --- [           main] org.hibernate.SQL                        : select is1_0.id,is1_0.available_quantity,is1_0.reserved_quantity,is1_0.updated_at,is1_0.variant_id,is1_0.warehouse_id from inventory_stocks is1_0 where is1_0.warehouse_id=? and is1_0.variant_id=? for no key update
2026-05-15T07:41:17.878+07:00 DEBUG 27320 --- [           main] org.hibernate.SQL                        : insert into inventory_stocks (available_quantity,reserved_quantity,updated_at,variant_id,warehouse_id) values (?,?,?,?,?) returning id
2026-05-15T07:41:17.991+07:00 DEBUG 27320 --- [           main] org.hibernate.SQL                        : select p1_0.product_id,p1_0.brand_id,p1_0.category_id,p1_0.created_at,p1_0.description,p1_0.image,p1_0.is_featured,p1_0.is_staple,p1_0.product_name,p1_0.origin_country,p1_0.product_code,p1_0.short_description,p1_0.status,p1_0.updated_at from products p1_0 where p1_0.product_code=?
2026-05-15T07:41:18.135+07:00 DEBUG 27320 --- [           main] org.hibernate.SQL                        : insert into products (brand_id,category_id,created_at,description,image,is_featured,is_staple,product_name,origin_country,product_code,short_description,status,updated_at) values (?,?,?,?,?,?,?,?,?,?,?,?,?) returning product_id
2026-05-15T07:41:18.251+07:00 DEBUG 27320 --- [           main] org.hibernate.SQL                        : select pv1_0.variant_id,pv1_0.barcode,pv1_0.color,pv1_0.compare_at_price,pv1_0.cost_price,pv1_0.created_at,pv1_0.net_price,pv1_0.package_size,pv1_0.product_id,pv1_0.size,pv1_0.sku,pv1_0.status,pv1_0.unit,pv1_0.updated_at,pv1_0.variant_name,pv1_0.vat_percent,pv1_0.weight_gram from product_variants pv1_0 where pv1_0.sku=?
2026-05-15T07:41:18.365+07:00 DEBUG 27320 --- [           main] org.hibernate.SQL                        : insert into product_variants (barcode,color,compare_at_price,cost_price,created_at,net_price,package_size,product_id,size,sku,status,unit,updated_at,variant_name,vat_percent,weight_gram) values (?,?,?,?,?,?,?,?,?,?,?,?,?,?,?,?) returning variant_id
2026-05-15T07:41:18.477+07:00 DEBUG 27320 --- [           main] org.hibernate.SQL                        : select is1_0.id,is1_0.available_quantity,is1_0.reserved_quantity,is1_0.updated_at,is1_0.variant_id,is1_0.warehouse_id from inventory_stocks is1_0 where is1_0.warehouse_id=? and is1_0.variant_id=? for no key update
2026-05-15T07:41:18.590+07:00 DEBUG 27320 --- [           main] org.hibernate.SQL                        : insert into inventory_stocks (available_quantity,reserved_quantity,updated_at,variant_id,warehouse_id) values (?,?,?,?,?) returning id
2026-05-15T07:41:18.701+07:00 DEBUG 27320 --- [           main] org.hibernate.SQL                        : select p1_0.product_id,p1_0.brand_id,p1_0.category_id,p1_0.created_at,p1_0.description,p1_0.image,p1_0.is_featured,p1_0.is_staple,p1_0.product_name,p1_0.origin_country,p1_0.product_code,p1_0.short_description,p1_0.status,p1_0.updated_at from products p1_0 where p1_0.product_code=?
2026-05-15T07:41:18.812+07:00 DEBUG 27320 --- [           main] org.hibernate.SQL                        : insert into products (brand_id,category_id,created_at,description,image,is_featured,is_staple,product_name,origin_country,product_code,short_description,status,updated_at) values (?,?,?,?,?,?,?,?,?,?,?,?,?) returning product_id
2026-05-15T07:41:18.923+07:00 DEBUG 27320 --- [           main] org.hibernate.SQL                        : select pv1_0.variant_id,pv1_0.barcode,pv1_0.color,pv1_0.compare_at_price,pv1_0.cost_price,pv1_0.created_at,pv1_0.net_price,pv1_0.package_size,pv1_0.product_id,pv1_0.size,pv1_0.sku,pv1_0.status,pv1_0.unit,pv1_0.updated_at,pv1_0.variant_name,pv1_0.vat_percent,pv1_0.weight_gram from product_variants pv1_0 where pv1_0.sku=?
2026-05-15T07:41:19.038+07:00 DEBUG 27320 --- [           main] org.hibernate.SQL                        : insert into product_variants (barcode,color,compare_at_price,cost_price,created_at,net_price,package_size,product_id,size,sku,status,unit,updated_at,variant_name,vat_percent,weight_gram) values (?,?,?,?,?,?,?,?,?,?,?,?,?,?,?,?) returning variant_id
2026-05-15T07:41:19.151+07:00 DEBUG 27320 --- [           main] org.hibernate.SQL                        : select is1_0.id,is1_0.available_quantity,is1_0.reserved_quantity,is1_0.updated_at,is1_0.variant_id,is1_0.warehouse_id from inventory_stocks is1_0 where is1_0.warehouse_id=? and is1_0.variant_id=? for no key update
2026-05-15T07:41:19.259+07:00 DEBUG 27320 --- [           main] org.hibernate.SQL                        : insert into inventory_stocks (available_quantity,reserved_quantity,updated_at,variant_id,warehouse_id) values (?,?,?,?,?) returning id
2026-05-15T07:41:19.371+07:00 DEBUG 27320 --- [           main] org.hibernate.SQL                        : select p1_0.product_id,p1_0.brand_id,p1_0.category_id,p1_0.created_at,p1_0.description,p1_0.image,p1_0.is_featured,p1_0.is_staple,p1_0.product_name,p1_0.origin_country,p1_0.product_code,p1_0.short_description,p1_0.status,p1_0.updated_at from products p1_0 where p1_0.product_code=?
2026-05-15T07:41:19.481+07:00 DEBUG 27320 --- [           main] org.hibernate.SQL                        : insert into products (brand_id,category_id,created_at,description,image,is_featured,is_staple,product_name,origin_country,product_code,short_description,status,updated_at) values (?,?,?,?,?,?,?,?,?,?,?,?,?) returning product_id
2026-05-15T07:41:19.591+07:00 DEBUG 27320 --- [           main] org.hibernate.SQL                        : select pv1_0.variant_id,pv1_0.barcode,pv1_0.color,pv1_0.compare_at_price,pv1_0.cost_price,pv1_0.created_at,pv1_0.net_price,pv1_0.package_size,pv1_0.product_id,pv1_0.size,pv1_0.sku,pv1_0.status,pv1_0.unit,pv1_0.updated_at,pv1_0.variant_name,pv1_0.vat_percent,pv1_0.weight_gram from product_variants pv1_0 where pv1_0.sku=?
2026-05-15T07:41:19.701+07:00 DEBUG 27320 --- [           main] org.hibernate.SQL                        : insert into product_variants (barcode,color,compare_at_price,cost_price,created_at,net_price,package_size,product_id,size,sku,status,unit,updated_at,variant_name,vat_percent,weight_gram) values (?,?,?,?,?,?,?,?,?,?,?,?,?,?,?,?) returning variant_id
2026-05-15T07:41:19.812+07:00 DEBUG 27320 --- [           main] org.hibernate.SQL                        : select is1_0.id,is1_0.available_quantity,is1_0.reserved_quantity,is1_0.updated_at,is1_0.variant_id,is1_0.warehouse_id from inventory_stocks is1_0 where is1_0.warehouse_id=? and is1_0.variant_id=? for no key update
2026-05-15T07:41:19.922+07:00 DEBUG 27320 --- [           main] org.hibernate.SQL                        : insert into inventory_stocks (available_quantity,reserved_quantity,updated_at,variant_id,warehouse_id) values (?,?,?,?,?) returning id
2026-05-15T07:41:20.031+07:00 DEBUG 27320 --- [           main] org.hibernate.SQL                        : select p1_0.product_id,p1_0.brand_id,p1_0.category_id,p1_0.created_at,p1_0.description,p1_0.image,p1_0.is_featured,p1_0.is_staple,p1_0.product_name,p1_0.origin_country,p1_0.product_code,p1_0.short_description,p1_0.status,p1_0.updated_at from products p1_0 where p1_0.product_code=?
2026-05-15T07:41:20.141+07:00 DEBUG 27320 --- [           main] org.hibernate.SQL                        : insert into products (brand_id,category_id,created_at,description,image,is_featured,is_staple,product_name,origin_country,product_code,short_description,status,updated_at) values (?,?,?,?,?,?,?,?,?,?,?,?,?) returning product_id
2026-05-15T07:41:20.252+07:00 DEBUG 27320 --- [           main] org.hibernate.SQL                        : select pv1_0.variant_id,pv1_0.barcode,pv1_0.color,pv1_0.compare_at_price,pv1_0.cost_price,pv1_0.created_at,pv1_0.net_price,pv1_0.package_size,pv1_0.product_id,pv1_0.size,pv1_0.sku,pv1_0.status,pv1_0.unit,pv1_0.updated_at,pv1_0.variant_name,pv1_0.vat_percent,pv1_0.weight_gram from product_variants pv1_0 where pv1_0.sku=?
2026-05-15T07:41:20.364+07:00 DEBUG 27320 --- [           main] org.hibernate.SQL                        : insert into product_variants (barcode,color,compare_at_price,cost_price,created_at,net_price,package_size,product_id,size,sku,status,unit,updated_at,variant_name,vat_percent,weight_gram) values (?,?,?,?,?,?,?,?,?,?,?,?,?,?,?,?) returning variant_id
2026-05-15T07:41:20.475+07:00 DEBUG 27320 --- [           main] org.hibernate.SQL                        : select is1_0.id,is1_0.available_quantity,is1_0.reserved_quantity,is1_0.updated_at,is1_0.variant_id,is1_0.warehouse_id from inventory_stocks is1_0 where is1_0.warehouse_id=? and is1_0.variant_id=? for no key update
2026-05-15T07:41:20.585+07:00 DEBUG 27320 --- [           main] org.hibernate.SQL                        : insert into inventory_stocks (available_quantity,reserved_quantity,updated_at,variant_id,warehouse_id) values (?,?,?,?,?) returning id
2026-05-15T07:41:20.697+07:00 DEBUG 27320 --- [           main] org.hibernate.SQL                        : select p1_0.product_id,p1_0.brand_id,p1_0.category_id,p1_0.created_at,p1_0.description,p1_0.image,p1_0.is_featured,p1_0.is_staple,p1_0.product_name,p1_0.origin_country,p1_0.product_code,p1_0.short_description,p1_0.status,p1_0.updated_at from products p1_0 where p1_0.product_code=?
2026-05-15T07:41:20.810+07:00 DEBUG 27320 --- [           main] org.hibernate.SQL                        : insert into products (brand_id,category_id,created_at,description,image,is_featured,is_staple,product_name,origin_country,product_code,short_description,status,updated_at) values (?,?,?,?,?,?,?,?,?,?,?,?,?) returning product_id
2026-05-15T07:41:20.921+07:00 DEBUG 27320 --- [           main] org.hibernate.SQL                        : select pv1_0.variant_id,pv1_0.barcode,pv1_0.color,pv1_0.compare_at_price,pv1_0.cost_price,pv1_0.created_at,pv1_0.net_price,pv1_0.package_size,pv1_0.product_id,pv1_0.size,pv1_0.sku,pv1_0.status,pv1_0.unit,pv1_0.updated_at,pv1_0.variant_name,pv1_0.vat_percent,pv1_0.weight_gram from product_variants pv1_0 where pv1_0.sku=?
2026-05-15T07:41:21.031+07:00 DEBUG 27320 --- [           main] org.hibernate.SQL                        : insert into product_variants (barcode,color,compare_at_price,cost_price,created_at,net_price,package_size,product_id,size,sku,status,unit,updated_at,variant_name,vat_percent,weight_gram) values (?,?,?,?,?,?,?,?,?,?,?,?,?,?,?,?) returning variant_id
2026-05-15T07:41:21.143+07:00 DEBUG 27320 --- [           main] org.hibernate.SQL                        : select is1_0.id,is1_0.available_quantity,is1_0.reserved_quantity,is1_0.updated_at,is1_0.variant_id,is1_0.warehouse_id from inventory_stocks is1_0 where is1_0.warehouse_id=? and is1_0.variant_id=? for no key update
2026-05-15T07:41:21.259+07:00 DEBUG 27320 --- [           main] org.hibernate.SQL                        : insert into inventory_stocks (available_quantity,reserved_quantity,updated_at,variant_id,warehouse_id) values (?,?,?,?,?) returning id
2026-05-15T07:41:21.371+07:00 DEBUG 27320 --- [           main] org.hibernate.SQL                        : select p1_0.product_id,p1_0.brand_id,p1_0.category_id,p1_0.created_at,p1_0.description,p1_0.image,p1_0.is_featured,p1_0.is_staple,p1_0.product_name,p1_0.origin_country,p1_0.product_code,p1_0.short_description,p1_0.status,p1_0.updated_at from products p1_0 where p1_0.product_code=?
2026-05-15T07:41:21.480+07:00 DEBUG 27320 --- [           main] org.hibernate.SQL                        : insert into products (brand_id,category_id,created_at,description,image,is_featured,is_staple,product_name,origin_country,product_code,short_description,status,updated_at) values (?,?,?,?,?,?,?,?,?,?,?,?,?) returning product_id
2026-05-15T07:41:21.592+07:00 DEBUG 27320 --- [           main] org.hibernate.SQL                        : select pv1_0.variant_id,pv1_0.barcode,pv1_0.color,pv1_0.compare_at_price,pv1_0.cost_price,pv1_0.created_at,pv1_0.net_price,pv1_0.package_size,pv1_0.product_id,pv1_0.size,pv1_0.sku,pv1_0.status,pv1_0.unit,pv1_0.updated_at,pv1_0.variant_name,pv1_0.vat_percent,pv1_0.weight_gram from product_variants pv1_0 where pv1_0.sku=?
2026-05-15T07:41:21.702+07:00 DEBUG 27320 --- [           main] org.hibernate.SQL                        : insert into product_variants (barcode,color,compare_at_price,cost_price,created_at,net_price,package_size,product_id,size,sku,status,unit,updated_at,variant_name,vat_percent,weight_gram) values (?,?,?,?,?,?,?,?,?,?,?,?,?,?,?,?) returning variant_id
2026-05-15T07:41:21.812+07:00 DEBUG 27320 --- [           main] org.hibernate.SQL                        : select is1_0.id,is1_0.available_quantity,is1_0.reserved_quantity,is1_0.updated_at,is1_0.variant_id,is1_0.warehouse_id from inventory_stocks is1_0 where is1_0.warehouse_id=? and is1_0.variant_id=? for no key update
2026-05-15T07:41:21.931+07:00 DEBUG 27320 --- [           main] org.hibernate.SQL                        : insert into inventory_stocks (available_quantity,reserved_quantity,updated_at,variant_id,warehouse_id) values (?,?,?,?,?) returning id
2026-05-15T07:41:22.043+07:00 DEBUG 27320 --- [           main] org.hibernate.SQL                        : select p1_0.product_id,p1_0.brand_id,p1_0.category_id,p1_0.created_at,p1_0.description,p1_0.image,p1_0.is_featured,p1_0.is_staple,p1_0.product_name,p1_0.origin_country,p1_0.product_code,p1_0.short_description,p1_0.status,p1_0.updated_at from products p1_0 where p1_0.product_code=?
2026-05-15T07:41:22.151+07:00 DEBUG 27320 --- [           main] org.hibernate.SQL                        : insert into products (brand_id,category_id,created_at,description,image,is_featured,is_staple,product_name,origin_country,product_code,short_description,status,updated_at) values (?,?,?,?,?,?,?,?,?,?,?,?,?) returning product_id
2026-05-15T07:41:22.266+07:00 DEBUG 27320 --- [           main] org.hibernate.SQL                        : select pv1_0.variant_id,pv1_0.barcode,pv1_0.color,pv1_0.compare_at_price,pv1_0.cost_price,pv1_0.created_at,pv1_0.net_price,pv1_0.package_size,pv1_0.product_id,pv1_0.size,pv1_0.sku,pv1_0.status,pv1_0.unit,pv1_0.updated_at,pv1_0.variant_name,pv1_0.vat_percent,pv1_0.weight_gram from product_variants pv1_0 where pv1_0.sku=?
2026-05-15T07:41:22.377+07:00 DEBUG 27320 --- [           main] org.hibernate.SQL                        : insert into product_variants (barcode,color,compare_at_price,cost_price,created_at,net_price,package_size,product_id,size,sku,status,unit,updated_at,variant_name,vat_percent,weight_gram) values (?,?,?,?,?,?,?,?,?,?,?,?,?,?,?,?) returning variant_id
2026-05-15T07:41:22.488+07:00 DEBUG 27320 --- [           main] org.hibernate.SQL                        : select is1_0.id,is1_0.available_quantity,is1_0.reserved_quantity,is1_0.updated_at,is1_0.variant_id,is1_0.warehouse_id from inventory_stocks is1_0 where is1_0.warehouse_id=? and is1_0.variant_id=? for no key update
2026-05-15T07:41:22.598+07:00 DEBUG 27320 --- [           main] org.hibernate.SQL                        : insert into inventory_stocks (available_quantity,reserved_quantity,updated_at,variant_id,warehouse_id) values (?,?,?,?,?) returning id
2026-05-15T07:41:22.707+07:00 DEBUG 27320 --- [           main] org.hibernate.SQL                        : select p1_0.product_id,p1_0.brand_id,p1_0.category_id,p1_0.created_at,p1_0.description,p1_0.image,p1_0.is_featured,p1_0.is_staple,p1_0.product_name,p1_0.origin_country,p1_0.product_code,p1_0.short_description,p1_0.status,p1_0.updated_at from products p1_0 where p1_0.product_code=?
2026-05-15T07:41:22.818+07:00 DEBUG 27320 --- [           main] org.hibernate.SQL                        : insert into products (brand_id,category_id,created_at,description,image,is_featured,is_staple,product_name,origin_country,product_code,short_description,status,updated_at) values (?,?,?,?,?,?,?,?,?,?,?,?,?) returning product_id
2026-05-15T07:41:22.932+07:00 DEBUG 27320 --- [           main] org.hibernate.SQL                        : select pv1_0.variant_id,pv1_0.barcode,pv1_0.color,pv1_0.compare_at_price,pv1_0.cost_price,pv1_0.created_at,pv1_0.net_price,pv1_0.package_size,pv1_0.product_id,pv1_0.size,pv1_0.sku,pv1_0.status,pv1_0.unit,pv1_0.updated_at,pv1_0.variant_name,pv1_0.vat_percent,pv1_0.weight_gram from product_variants pv1_0 where pv1_0.sku=?
2026-05-15T07:41:23.041+07:00 DEBUG 27320 --- [           main] org.hibernate.SQL                        : insert into product_variants (barcode,color,compare_at_price,cost_price,created_at,net_price,package_size,product_id,size,sku,status,unit,updated_at,variant_name,vat_percent,weight_gram) values (?,?,?,?,?,?,?,?,?,?,?,?,?,?,?,?) returning variant_id
2026-05-15T07:41:23.152+07:00 DEBUG 27320 --- [           main] org.hibernate.SQL                        : select is1_0.id,is1_0.available_quantity,is1_0.reserved_quantity,is1_0.updated_at,is1_0.variant_id,is1_0.warehouse_id from inventory_stocks is1_0 where is1_0.warehouse_id=? and is1_0.variant_id=? for no key update
2026-05-15T07:41:23.260+07:00 DEBUG 27320 --- [           main] org.hibernate.SQL                        : insert into inventory_stocks (available_quantity,reserved_quantity,updated_at,variant_id,warehouse_id) values (?,?,?,?,?) returning id
2026-05-15T07:41:23.372+07:00 DEBUG 27320 --- [           main] org.hibernate.SQL                        : select p1_0.product_id,p1_0.brand_id,p1_0.category_id,p1_0.created_at,p1_0.description,p1_0.image,p1_0.is_featured,p1_0.is_staple,p1_0.product_name,p1_0.origin_country,p1_0.product_code,p1_0.short_description,p1_0.status,p1_0.updated_at from products p1_0 where p1_0.product_code=?
2026-05-15T07:41:23.484+07:00 DEBUG 27320 --- [           main] org.hibernate.SQL                        : insert into products (brand_id,category_id,created_at,description,image,is_featured,is_staple,product_name,origin_country,product_code,short_description,status,updated_at) values (?,?,?,?,?,?,?,?,?,?,?,?,?) returning product_id
2026-05-15T07:41:23.595+07:00 DEBUG 27320 --- [           main] org.hibernate.SQL                        : select pv1_0.variant_id,pv1_0.barcode,pv1_0.color,pv1_0.compare_at_price,pv1_0.cost_price,pv1_0.created_at,pv1_0.net_price,pv1_0.package_size,pv1_0.product_id,pv1_0.size,pv1_0.sku,pv1_0.status,pv1_0.unit,pv1_0.updated_at,pv1_0.variant_name,pv1_0.vat_percent,pv1_0.weight_gram from product_variants pv1_0 where pv1_0.sku=?
2026-05-15T07:41:23.704+07:00 DEBUG 27320 --- [           main] org.hibernate.SQL                        : insert into product_variants (barcode,color,compare_at_price,cost_price,created_at,net_price,package_size,product_id,size,sku,status,unit,updated_at,variant_name,vat_percent,weight_gram) values (?,?,?,?,?,?,?,?,?,?,?,?,?,?,?,?) returning variant_id
2026-05-15T07:41:23.816+07:00 DEBUG 27320 --- [           main] org.hibernate.SQL                        : select is1_0.id,is1_0.available_quantity,is1_0.reserved_quantity,is1_0.updated_at,is1_0.variant_id,is1_0.warehouse_id from inventory_stocks is1_0 where is1_0.warehouse_id=? and is1_0.variant_id=? for no key update
2026-05-15T07:41:23.927+07:00 DEBUG 27320 --- [           main] org.hibernate.SQL                        : insert into inventory_stocks (available_quantity,reserved_quantity,updated_at,variant_id,warehouse_id) values (?,?,?,?,?) returning id
2026-05-15T07:41:24.038+07:00 DEBUG 27320 --- [           main] org.hibernate.SQL                        : select p1_0.product_id,p1_0.brand_id,p1_0.category_id,p1_0.created_at,p1_0.description,p1_0.image,p1_0.is_featured,p1_0.is_staple,p1_0.product_name,p1_0.origin_country,p1_0.product_code,p1_0.short_description,p1_0.status,p1_0.updated_at from products p1_0 where p1_0.product_code=?
2026-05-15T07:41:24.148+07:00 DEBUG 27320 --- [           main] org.hibernate.SQL                        : insert into products (brand_id,category_id,created_at,description,image,is_featured,is_staple,product_name,origin_country,product_code,short_description,status,updated_at) values (?,?,?,?,?,?,?,?,?,?,?,?,?) returning product_id
2026-05-15T07:41:24.258+07:00 DEBUG 27320 --- [           main] org.hibernate.SQL                        : select pv1_0.variant_id,pv1_0.barcode,pv1_0.color,pv1_0.compare_at_price,pv1_0.cost_price,pv1_0.created_at,pv1_0.net_price,pv1_0.package_size,pv1_0.product_id,pv1_0.size,pv1_0.sku,pv1_0.status,pv1_0.unit,pv1_0.updated_at,pv1_0.variant_name,pv1_0.vat_percent,pv1_0.weight_gram from product_variants pv1_0 where pv1_0.sku=?
2026-05-15T07:41:24.369+07:00 DEBUG 27320 --- [           main] org.hibernate.SQL                        : insert into product_variants (barcode,color,compare_at_price,cost_price,created_at,net_price,package_size,product_id,size,sku,status,unit,updated_at,variant_name,vat_percent,weight_gram) values (?,?,?,?,?,?,?,?,?,?,?,?,?,?,?,?) returning variant_id
2026-05-15T07:41:24.477+07:00 DEBUG 27320 --- [           main] org.hibernate.SQL                        : select is1_0.id,is1_0.available_quantity,is1_0.reserved_quantity,is1_0.updated_at,is1_0.variant_id,is1_0.warehouse_id from inventory_stocks is1_0 where is1_0.warehouse_id=? and is1_0.variant_id=? for no key update
2026-05-15T07:41:24.588+07:00 DEBUG 27320 --- [           main] org.hibernate.SQL                        : insert into inventory_stocks (available_quantity,reserved_quantity,updated_at,variant_id,warehouse_id) values (?,?,?,?,?) returning id
2026-05-15T07:41:24.698+07:00 DEBUG 27320 --- [           main] org.hibernate.SQL                        : select p1_0.product_id,p1_0.brand_id,p1_0.category_id,p1_0.created_at,p1_0.description,p1_0.image,p1_0.is_featured,p1_0.is_staple,p1_0.product_name,p1_0.origin_country,p1_0.product_code,p1_0.short_description,p1_0.status,p1_0.updated_at from products p1_0 where p1_0.product_code=?
2026-05-15T07:41:24.814+07:00 DEBUG 27320 --- [           main] org.hibernate.SQL                        : select pv1_0.variant_id,pv1_0.barcode,pv1_0.color,pv1_0.compare_at_price,pv1_0.cost_price,pv1_0.created_at,pv1_0.net_price,pv1_0.package_size,pv1_0.product_id,pv1_0.size,pv1_0.sku,pv1_0.status,pv1_0.unit,pv1_0.updated_at,pv1_0.variant_name,pv1_0.vat_percent,pv1_0.weight_gram from product_variants pv1_0 where pv1_0.sku=?
2026-05-15T07:41:24.926+07:00 DEBUG 27320 --- [           main] org.hibernate.SQL                        : select is1_0.id,is1_0.available_quantity,is1_0.reserved_quantity,is1_0.updated_at,is1_0.variant_id,is1_0.warehouse_id from inventory_stocks is1_0 where is1_0.warehouse_id=? and is1_0.variant_id=? for no key update
2026-05-15T07:41:25.036+07:00 DEBUG 27320 --- [           main] org.hibernate.SQL                        : select p1_0.product_id,p1_0.brand_id,p1_0.category_id,p1_0.created_at,p1_0.description,p1_0.image,p1_0.is_featured,p1_0.is_staple,p1_0.product_name,p1_0.origin_country,p1_0.product_code,p1_0.short_description,p1_0.status,p1_0.updated_at from products p1_0 where p1_0.product_code=?
2026-05-15T07:41:25.146+07:00 DEBUG 27320 --- [           main] org.hibernate.SQL                        : insert into products (brand_id,category_id,created_at,description,image,is_featured,is_staple,product_name,origin_country,product_code,short_description,status,updated_at) values (?,?,?,?,?,?,?,?,?,?,?,?,?) returning product_id
2026-05-15T07:41:25.257+07:00 DEBUG 27320 --- [           main] org.hibernate.SQL                        : select pv1_0.variant_id,pv1_0.barcode,pv1_0.color,pv1_0.compare_at_price,pv1_0.cost_price,pv1_0.created_at,pv1_0.net_price,pv1_0.package_size,pv1_0.product_id,pv1_0.size,pv1_0.sku,pv1_0.status,pv1_0.unit,pv1_0.updated_at,pv1_0.variant_name,pv1_0.vat_percent,pv1_0.weight_gram from product_variants pv1_0 where pv1_0.sku=?
2026-05-15T07:41:25.372+07:00 DEBUG 27320 --- [           main] org.hibernate.SQL                        : insert into product_variants (barcode,color,compare_at_price,cost_price,created_at,net_price,package_size,product_id,size,sku,status,unit,updated_at,variant_name,vat_percent,weight_gram) values (?,?,?,?,?,?,?,?,?,?,?,?,?,?,?,?) returning variant_id
2026-05-15T07:41:25.483+07:00 DEBUG 27320 --- [           main] org.hibernate.SQL                        : select is1_0.id,is1_0.available_quantity,is1_0.reserved_quantity,is1_0.updated_at,is1_0.variant_id,is1_0.warehouse_id from inventory_stocks is1_0 where is1_0.warehouse_id=? and is1_0.variant_id=? for no key update
2026-05-15T07:41:25.592+07:00 DEBUG 27320 --- [           main] org.hibernate.SQL                        : insert into inventory_stocks (available_quantity,reserved_quantity,updated_at,variant_id,warehouse_id) values (?,?,?,?,?) returning id
2026-05-15T07:41:25.703+07:00 DEBUG 27320 --- [           main] org.hibernate.SQL                        : select p1_0.product_id,p1_0.brand_id,p1_0.category_id,p1_0.created_at,p1_0.description,p1_0.image,p1_0.is_featured,p1_0.is_staple,p1_0.product_name,p1_0.origin_country,p1_0.product_code,p1_0.short_description,p1_0.status,p1_0.updated_at from products p1_0 where p1_0.product_code=?
2026-05-15T07:41:25.813+07:00 DEBUG 27320 --- [           main] org.hibernate.SQL                        : insert into products (brand_id,category_id,created_at,description,image,is_featured,is_staple,product_name,origin_country,product_code,short_description,status,updated_at) values (?,?,?,?,?,?,?,?,?,?,?,?,?) returning product_id
2026-05-15T07:41:25.924+07:00 DEBUG 27320 --- [           main] org.hibernate.SQL                        : select pv1_0.variant_id,pv1_0.barcode,pv1_0.color,pv1_0.compare_at_price,pv1_0.cost_price,pv1_0.created_at,pv1_0.net_price,pv1_0.package_size,pv1_0.product_id,pv1_0.size,pv1_0.sku,pv1_0.status,pv1_0.unit,pv1_0.updated_at,pv1_0.variant_name,pv1_0.vat_percent,pv1_0.weight_gram from product_variants pv1_0 where pv1_0.sku=?
2026-05-15T07:41:26.045+07:00 DEBUG 27320 --- [           main] org.hibernate.SQL                        : insert into product_variants (barcode,color,compare_at_price,cost_price,created_at,net_price,package_size,product_id,size,sku,status,unit,updated_at,variant_name,vat_percent,weight_gram) values (?,?,?,?,?,?,?,?,?,?,?,?,?,?,?,?) returning variant_id
